,Company,Specific Bean Origin,Review Date,Cocoa Percent,Company Location,Rating,Bean Type,Broad Bean Origin,price(100g)
0,A. Morin,Agua Grande,2016,63.0,France,75.0,Blend,Sao Tome,118125.0
1,A. Morin,Kpime,2015,70.0,France,55.0,Blend,Togo,96250.0
2,A. Morin,Atsane,2015,70.0,France,60.0,Blend,Togo,105000.0
3,A. Morin,Akata,2015,70.0,France,70.0,Blend,Togo,122500.0
4,A. Morin,Quilla,2015,70.0,France,70.0,Blend,Peru,122500.0
5,A. Morin,Carenero,2014,70.0,France,55.0,Criollo,Venezuela,96250.0
6,A. Morin,Cuba,2014,70.0,France,70.0,Blend,Cuba,122500.0
7,A. Morin,Sur del Lago,2014,70.0,France,70.0,Criollo,Venezuela,122500.0
8,A. Morin,Puerto Cabello,2014,70.0,France,75.0,Criollo,Venezuela,131250.0
9,A. Morin,Pablino,2014,70.0,France,80.0,Blend,Peru,140000.0
10,A. Morin,Panama,2013,70.0,France,55.0,Blend,Panama,96250.0
11,A. Morin,Madagascar,2013,70.0,France,60.0,Criollo,Madagascar,105000.0
12,A. Morin,Brazil,2013,70.0,France,65.0,Blend,Brazil,113750.0
13,A. Morin,Equateur,2013,70.0,France,75.0,Blend,Ecuador,131250.0
14,A. Morin,Colombie,2013,70.0,France,55.0,Blend,Colombia,96250.0
15,A. Morin,Birmanie,2013,70.0,France,60.0,Blend,Burma,105000.0
16,A. Morin,Papua New Guinea,2013,70.0,France,65.0,Blend,Papua New Guinea,113750.0
17,A. Morin,Chuao,2013,70.0,France,80.0,Trinitario,Venezuela,140000.0
18,A. Morin,Piura,2013,70.0,France,65.0,Blend,Peru,113750.0
19,A. Morin,Chanchamayo Province,2013,70.0,France,70.0,Blend,Peru,122500.0
20,A. Morin,Chanchamayo Province,2013,63.0,France,80.0,Blend,Peru,126000.0
21,A. Morin,Bolivia,2012,70.0,France,70.0,Blend,Bolivia,122500.0
22,A. Morin,Peru,2012,63.0,France,75.0,Blend,Peru,118125.0
23,Acalli,"Chulucanas, El Platanal",2015,70.0,U.S.A.,75.0,Blend,Peru,131250.0
24,Acalli,"Tumbes, Norandino",2015,70.0,U.S.A.,75.0,Criollo,Peru,131250.0
25,Adi,Vanua Levu,2011,60.0,Fiji,55.0,Trinitario,Fiji,82500.0
26,Adi,"Vanua Levu, Toto-A",2011,80.0,Fiji,65.0,Trinitario,Fiji,130000.0
27,Adi,Vanua Levu,2011,88.0,Fiji,70.0,Trinitario,Fiji,154000.0
28,Adi,"Vanua Levu, Ami-Ami-CA",2011,72.0,Fiji,70.0,Trinitario,Fiji,126000.0
29,Aequare (Gianduja),"Los Rios, Quevedo, Arriba",2009,55.0,Ecuador,55.0,Forastero (Arriba),Ecuador,75625.0
30,Aequare (Gianduja),"Los Rios, Quevedo, Arriba",2009,70.0,Ecuador,60.0,Forastero (Arriba),Ecuador,105000.0
31,Ah Cacao,Tabasco,2009,70.0,Mexico,60.0,Criollo,Mexico,105000.0
32,Akesson's (Pralus),"Bali (west), Sukrama Family, Melaya area",2011,75.0,Switzerland,75.0,Trinitario,Indonesia,140625.0
33,Akesson's (Pralus),"Madagascar, Ambolikapiky P.",2010,75.0,Switzerland,55.0,Criollo,Madagascar,103125.0
34,Akesson's (Pralus),"Monte Alegre, D. Badero",2010,75.0,Switzerland,55.0,Forastero,Brazil,103125.0
35,Alain Ducasse,Trinite,2014,65.0,France,55.0,Trinitario,Trinidad,89375.0
36,Alain Ducasse,Vietnam,2014,75.0,France,55.0,Trinitario,Vietnam,103125.0
37,Alain Ducasse,Madagascar,2014,75.0,France,60.0,Trinitario,Madagascar,112500.0
38,Alain Ducasse,Chuao,2013,75.0,France,50.0,Trinitario,Venezuela,93750.0
39,Alain Ducasse,"Piura, Perou",2013,75.0,France,50.0,Blend,Peru,93750.0
40,Alexandre,"Winak Coop, Napo",2017,70.0,Netherlands,70.0,Forastero (Nacional),Ecuador,122500.0
41,Alexandre,"La Dalia, Matagalpa",2017,70.0,Netherlands,70.0,"Criollo, Trinitario",Nicaragua,122500.0
42,Alexandre,Tien Giang,2017,70.0,Netherlands,70.0,Trinitario,Vietnam,122500.0
43,Alexandre,"Makwale Village, Kyela",2017,70.0,Netherlands,70.0,Forastero,Tanzania,122500.0
44,Altus aka Cao Artisan,Momotombo,2016,60.0,U.S.A.,55.0,Blend,Nicaragua,82500.0
45,Altus aka Cao Artisan,Acopagro,2016,60.0,U.S.A.,60.0,Blend,Peru,90000.0
46,Altus aka Cao Artisan,CIAAB Coop,2016,60.0,U.S.A.,50.0,Blend,Bolivia,75000.0
47,Altus aka Cao Artisan,Villa Andina,2016,60.0,U.S.A.,50.0,Blend,Peru,75000.0
48,Altus aka Cao Artisan,Gruppo Salinas,2016,60.0,U.S.A.,55.0,Blend,Ecuador,82500.0
49,Altus aka Cao Artisan,Sur del Lago,2013,60.0,U.S.A.,50.0,Blend,Venezuela,75000.0
50,Altus aka Cao Artisan,Conacado,2013,60.0,U.S.A.,60.0,Trinitario,Dominican Republic,90000.0
51,Altus aka Cao Artisan,Bolivia,2013,80.0,U.S.A.,65.0,Blend,Bolivia,130000.0
52,Altus aka Cao Artisan,Bolivia,2013,60.0,U.S.A.,60.0,Blend,Bolivia,90000.0
53,Altus aka Cao Artisan,Peru,2013,60.0,U.S.A.,65.0,Blend,Peru,97500.0
54,Amano,Morobe,2011,70.0,U.S.A.,80.0,Blend,Papua New Guinea,140000.0
55,Amano,Dos Rios,2010,70.0,U.S.A.,75.0,Blend,Dominican Republic,131250.0
56,Amano,Guayas,2010,70.0,U.S.A.,80.0,Blend,Ecuador,140000.0
57,Amano,Chuao,2010,70.0,U.S.A.,60.0,Trinitario,Venezuela,105000.0
58,Amano,Montanya,2009,70.0,U.S.A.,60.0,Blend,Venezuela,105000.0
59,Amano,"Bali, Jembrana",2008,70.0,U.S.A.,55.0,Blend,Indonesia,96250.0
60,Amano,Madagascar,2007,70.0,U.S.A.,70.0,Trinitario,Madagascar,122500.0
61,Amano,Cuyagua,2007,70.0,U.S.A.,60.0,Blend,Venezuela,105000.0
62,Amano,Ocumare,2007,70.0,U.S.A.,75.0,Criollo,Venezuela,131250.0
63,Amatller (Simon Coll),Ghana,2009,70.0,Spain,60.0,Forastero,Ghana,105000.0
64,Amatller (Simon Coll),Ecuador,2009,70.0,Spain,55.0,Blend,Ecuador,96250.0
65,Amatller (Simon Coll),Ecuador,2009,85.0,Spain,55.0,Blend,Ecuador,116875.0
66,Amatller (Simon Coll),Ghana,2009,85.0,Spain,60.0,Forastero,Ghana,127500.0
67,Amazona,"LamasdelChanka, San Martin, Oro Verde coop",2013,72.0,Peru,65.0,Blend,Peru,117000.0
68,Amazona,"Bellavista Gran Pajeten, San Martin",2013,73.0,Peru,70.0,Trinitario,Peru,127750.0
69,Ambrosia,Belize,2015,64.0,Canada,60.0,Trinitario,Belize,96000.0
70,Ambrosia,Madagascar,2015,66.0,Canada,65.0,Trinitario,Madagascar,107250.0
71,Ambrosia,Dominican Republic,2015,75.0,Canada,65.0,Blend,Dominican Republic,121875.0
72,Ambrosia,Papua New Guinea,2015,63.0,Canada,65.0,Blend,Papua New Guinea,102375.0
73,Ambrosia,Venezuela,2015,70.0,Canada,65.0,Blend,Venezuela,113750.0
74,Ambrosia,Peru,2015,68.0,Canada,70.0,Blend,Peru,119000.0
75,Amedei,"Piura, Blanco de Criollo",2012,70.0,Italy,75.0,Blend,Peru,131250.0
76,Amedei,Porcelana,2007,70.0,Italy,80.0,Criollo (Porcelana),Venezuela,140000.0
77,Amedei,Nine,2007,75.0,Italy,80.0,Blend,Other,150000.0
78,Amedei,Chuao,2007,70.0,Italy,100.0,Trinitario,Venezuela,175000.0
79,Amedei,Ecuador,2007,70.0,Italy,60.0,Trinitario,Ecuador,105000.0
80,Amedei,Jamaica,2007,70.0,Italy,60.0,Trinitario,Jamaica,105000.0
81,Amedei,Grenada,2007,70.0,Italy,70.0,Trinitario,Grenada,122500.0
82,Amedei,Venezuela,2007,70.0,Italy,75.0,Trinitario (85% Criollo),Venezuela,131250.0
83,Amedei,Madagascar,2007,70.0,Italy,80.0,Trinitario (85% Criollo),Madagascar,140000.0
84,Amedei,Trinidad,2007,70.0,Italy,70.0,Trinitario,Trinidad,122500.0
85,Amedei,Toscano Black,2007,63.0,Italy,70.0,Blend,Other,110250.0
86,Amedei,Toscano Black,2006,70.0,Italy,100.0,Blend,Other,175000.0
87,Amedei,Toscano Black,2006,66.0,Italy,80.0,Blend,Other,132000.0
88,AMMA,Catongo,2013,75.0,Brazil,65.0,Forastero (Catongo),Brazil,121875.0
89,AMMA,"Monte Alegre, 3 diff. plantations",2010,85.0,Brazil,55.0,Forastero (Parazinho),Brazil,116875.0
90,AMMA,"Monte Alegre, 3 diff. plantations",2010,50.0,Brazil,75.0,Forastero (Parazinho),Brazil,93750.0
91,AMMA,"Monte Alegre, 3 diff. plantations",2010,75.0,Brazil,75.0,Forastero (Parazinho),Brazil,140625.0
92,AMMA,"Monte Alegre, 3 diff. plantations",2010,60.0,Brazil,80.0,Forastero (Parazinho),Brazil,120000.0
93,Anahata,Elvesia,2014,75.0,U.S.A.,60.0,Blend,Dominican Republic,112500.0
94,Animas,Alto Beni,2016,75.0,U.S.A.,70.0,Blend,Bolivia,131250.0
95,Ara,Madagascar,2014,75.0,France,60.0,Trinitario,Madagascar,112500.0
96,Ara,Chiapas,2014,72.0,France,50.0,Blend,Mexico,90000.0
97,Ara,Equateur,2014,75.0,France,55.0,Blend,Ecuador,103125.0
98,Ara,Trincheras,2014,75.0,France,60.0,Blend,Venezuela,112500.0
99,Arete,San Juan,2016,70.0,U.S.A.,70.0,Trinitario,Trinidad,122500.0
100,Arete,Kokoa Kamili,2016,70.0,U.S.A.,75.0,Blend,Tanzania,131250.0
101,Arete,Tien Giang,2016,73.0,U.S.A.,70.0,Trinitario,Vietnam,127750.0
102,Arete,Hacienda Victoria,2016,70.0,U.S.A.,65.0,Blend,Ecuador,113750.0
103,Arete,Costa Esmeraldas,2016,70.0,U.S.A.,65.0,Blend,Ecuador,113750.0
104,Arete,Lachua,2016,70.0,U.S.A.,70.0,Blend,Guatemala,122500.0
105,Arete,Rugoso,2016,70.0,U.S.A.,75.0,Blend,Nicaragua,131250.0
106,Arete,"La Masica, FHIA",2016,70.0,U.S.A.,70.0,Blend,Honduras,122500.0
107,Arete,"Coto Brus, Terciopelo",2016,70.0,U.S.A.,80.0,Blend,Costa Rica,140000.0
108,Arete,Phantom,2016,70.0,U.S.A.,80.0,Forastero (Nacional),Peru,140000.0
109,Arete,Elvesia,2016,70.0,U.S.A.,75.0,Blend,Dominican Republic,131250.0
110,Arete,Matasawalevu,2016,70.0,U.S.A.,65.0,Blend,Fiji,113750.0
111,Arete,Lam Dong,2016,73.0,U.S.A.,65.0,Blend,Vietnam,118625.0
112,Arete,Fazenda Camboa,2015,70.0,U.S.A.,70.0,Blend,Brazil,122500.0
113,Arete,Nacional,2015,68.0,U.S.A.,70.0,Forastero (Nacional),Peru,119000.0
114,Arete,"Puerto Quito, heirloom",2015,70.0,U.S.A.,75.0,Forastero (Nacional),Ecuador,131250.0
115,Arete,Oko Caribe,2015,70.0,U.S.A.,70.0,Blend,Domincan Republic,122500.0
116,Arete,Maya Mountain,2015,70.0,U.S.A.,75.0,Trinitario,Belize,131250.0
117,Arete,Chuno,2015,70.0,U.S.A.,80.0,"Criollo, Trinitario",Nicaragua,140000.0
118,Arete,Fazenda Camboa,2015,75.0,U.S.A.,55.0,Blend,Brazil,103125.0
119,Arete,Guatemala,2015,70.0,U.S.A.,65.0,Blend,Guatemala,113750.0
120,Arete,Camino Verde,2015,75.0,U.S.A.,70.0,Blend,Ecuador,131250.0
121,Artisan du Chocolat,"Trinidad, Heritage, Limited ed.",2013,72.0,U.K.,65.0,Trinitario,Trinidad,117000.0
122,Artisan du Chocolat,"Colombia, Casa Luker",2012,72.0,U.K.,75.0,Blend,Colombia,135000.0
123,Artisan du Chocolat,Haiti,2011,72.0,U.K.,80.0,Blend,Haiti,144000.0
124,Artisan du Chocolat,Panama,2011,72.0,U.K.,55.0,Blend,Panama,99000.0
125,Artisan du Chocolat,Venezuela,2010,100.0,U.K.,35.0,Blend,Venezuela,87500.0
126,Artisan du Chocolat,Jamaica,2010,72.0,U.K.,75.0,Trinitario,Jamaica,135000.0
127,Artisan du Chocolat,Costa Rica,2010,72.0,U.K.,65.0,Blend,Costa Rica,117000.0
128,Artisan du Chocolat,Ba Ria Vung Tau Province,2010,72.0,U.K.,65.0,Trinitario,Vietnam,117000.0
129,Artisan du Chocolat,Bali,2010,72.0,U.K.,70.0,Blend,Indonesia,126000.0
130,Artisan du Chocolat,"Ocumare, Venezuela",2009,75.0,U.K.,50.0,"Criollo, Trinitario",Venezuela,93750.0
131,Artisan du Chocolat,Java,2009,72.0,U.K.,55.0,Trinitario,Indonesia,99000.0
132,Artisan du Chocolat,Brazil Rio Doce,2009,72.0,U.K.,35.0,Blend,Brazil,63000.0
133,Artisan du Chocolat,Madagascar,2009,80.0,U.K.,60.0,"Criollo, Trinitario",Madagascar,120000.0
134,Artisan du Chocolat,Peru,2009,75.0,U.K.,60.0,Criollo,Peru,112500.0
135,Artisan du Chocolat,Dominican Republic,2009,72.0,U.K.,65.0,Trinitario,Dominican Republic,117000.0
136,Artisan du Chocolat,Congo,2008,72.0,U.K.,75.0,Forastero,Congo,135000.0
137,Artisan du Chocolat (Casa Luker),"Orinoqua Region, Arauca",2013,72.0,U.K.,55.0,Trinitario,Colombia,99000.0
138,Askinosie,Mababa,2016,68.0,U.S.A.,75.0,Trinitario,Tanzania,127500.0
139,Askinosie,"Tenende, Uwate",2011,72.0,U.S.A.,75.0,Trinitario,Tanzania,135000.0
140,Askinosie,Cortes,2011,70.0,U.S.A.,75.0,Trinitario,Honduras,131250.0
141,Askinosie,Davao,2009,77.0,U.S.A.,75.0,Trinitario,Philippines,144375.0
142,Askinosie,Xoconusco,2007,75.0,U.S.A.,50.0,Trinitario,Mexico,93750.0
143,Askinosie,San Jose del Tambo,2007,70.0,U.S.A.,60.0,Forastero (Arriba),Ecuador,105000.0
144,Bahen & Co.,Houseblend,2015,80.0,Australia,65.0,Blend,Other,130000.0
145,Bahen & Co.,Papua New Guinea,2015,70.0,Australia,70.0,Blend,Papua New Guinea,122500.0
146,Bahen & Co.,Sambirano,2012,70.0,Australia,60.0,Trinitario,Madagascar,105000.0
147,Bahen & Co.,Bahia,2012,70.0,Australia,50.0,Blend,Brazil,87500.0
148,Bahen & Co.,Houseblend,2012,70.0,Australia,50.0,Blend,Other,87500.0
149,Bakau,"Bambamarca, 2015",2015,70.0,Peru,55.0,Blend,Peru,96250.0
150,Bakau,"Huallabamba, 2015",2015,70.0,Peru,70.0,Blend,Peru,122500.0
151,Bar Au Chocolat,Bahia,2015,70.0,U.S.A.,70.0,Blend,Brazil,122500.0
152,Bar Au Chocolat,Maranon Canyon,2014,70.0,U.S.A.,80.0,Forastero (Nacional),Peru,140000.0
153,Bar Au Chocolat,Duarte Province,2012,70.0,U.S.A.,65.0,Blend,Dominican Republic,113750.0
154,Bar Au Chocolat,Chiapas,2012,70.0,U.S.A.,70.0,Blend,Mexico,122500.0
155,Bar Au Chocolat,Sambirano,2012,70.0,U.S.A.,75.0,Trinitario,Madagascar,131250.0
156,Baravelli's,single estate,2012,80.0,Wales,55.0,Blend,Costa Rica,110000.0
157,Batch,"Dominican Republic, Batch 3",2016,65.0,U.S.A.,70.0,Blend,Domincan Republic,113750.0
158,Batch,Brazil,2016,70.0,U.S.A.,75.0,Blend,Brazil,131250.0
159,Batch,Ecuador,2016,65.0,U.S.A.,65.0,Blend,Ecuador,105625.0
160,Beau Cacao,"Asajaya E, NW Borneo, b. #132/4500",2017,73.0,U.K.,60.0,Blend,Malaysia,109500.0
161,Beau Cacao,"Serian E., NW Borneo, b. #134/3800",2017,72.0,U.K.,65.0,Blend,Malaysia,117000.0
162,Beehive,"Brazil, Batch 20316",2016,80.0,U.S.A.,55.0,Blend,Brazil,110000.0
163,Beehive,"Dominican Republic, Batch 31616",2016,70.0,U.S.A.,55.0,Blend,Domincan Republic,96250.0
164,Beehive,"Ecuador, Batch 31516",2016,70.0,U.S.A.,55.0,Blend,Ecuador,96250.0
165,Beehive,Ecuador,2016,90.0,U.S.A.,55.0,Blend,Ecuador,123750.0
166,Belcolade,Costa Rica,2010,64.0,Belgium,55.0,Blend,Costa Rica,88000.0
167,Belcolade,Papua New Guinea,2010,64.0,Belgium,55.0,Blend,Papua New Guinea,88000.0
168,Belcolade,Peru,2010,64.0,Belgium,55.0,Blend,Peru,88000.0
169,Belcolade,Ecuador,2010,71.0,Belgium,70.0,Blend,Ecuador,124250.0
170,Bellflower,"Kakao Kamili, Kilombero Valley",2016,70.0,U.S.A.,70.0,"Criollo, Trinitario",Tanzania,122500.0
171,Bellflower,"Alto Beni, Palos Blanco",2016,70.0,U.S.A.,65.0,Blend,Bolivia,113750.0
172,Bellflower,"Oko Caribe, Duarte P.",2016,70.0,U.S.A.,70.0,Blend,Domincan Republic,122500.0
173,Belyzium,"Belize south, low fermentation",2016,83.0,Germany,55.0,Trinitario,Belize,114125.0
174,Belyzium,Belize south,2016,78.0,Germany,60.0,Trinitario,Belize,117000.0
175,Belyzium,Belize south,2016,83.0,Germany,70.0,Trinitario,Belize,145250.0
176,Benoit Nihant,Baracoa,2013,74.0,Belgium,70.0,Trinitario,Cuba,129500.0
177,Benoit Nihant,Chuao,2013,74.0,Belgium,70.0,Criollo,Venezuela,129500.0
178,Benoit Nihant,Cuyagua Village,2013,74.0,Belgium,70.0,Criollo,Venezuela,129500.0
179,Benoit Nihant,Rio Peripa H.,2013,73.0,Belgium,80.0,Trinitario,Ecuador,146000.0
180,Benoit Nihant,"Bali, Sukrama Bros. Farm, Melaya, 62hr C",2011,72.0,Belgium,80.0,Trinitario,Indonesia,144000.0
181,Benoit Nihant,"Somia Plantation, Sambirano, 70hr C",2011,72.0,Belgium,75.0,Trinitario,Madagascar,135000.0
182,Bernachon,Nature,2012,55.0,France,55.0,Blend,Other,75625.0
183,Beschle (Felchlin),Madagascar,2011,64.0,Switzerland,60.0,Trinitario,Madagascar,96000.0
184,Beschle (Felchlin),Maracaibo,2011,88.0,Switzerland,60.0,Criollo,Venezuela,132000.0
185,Beschle (Felchlin),"Indigena Amazonia, Grand Cru, Quizas",2011,72.0,Switzerland,70.0,Blend,Venezuela,126000.0
186,Beschle (Felchlin),Ecuador,2011,72.0,Switzerland,80.0,Blend,Ecuador,144000.0
187,Beschle (Felchlin),"Carenero S., Barlovento, Grand Cru",2010,70.0,Switzerland,65.0,Trinitario,Venezuela,113750.0
188,Beschle (Felchlin),"Porcelana, Premier Cru, Quizas No. 1",2010,74.0,Switzerland,65.0,Criollo (Porcelana),Venezuela,120250.0
189,Beschle (Felchlin),"Java, Grand Cru",2010,64.0,Switzerland,70.0,Blend,Indonesia,112000.0
190,Beschle (Felchlin),"Ocumare, Premier Cru, Quizas No. 2",2010,72.0,Switzerland,70.0,Blend,Venezuela,126000.0
191,Bisou,"Nicaragua, American style",2015,76.0,U.S.A.,50.0,Blend,Nicaragua,95000.0
192,Bisou,"San Andres, American style",2015,76.0,U.S.A.,50.0,Blend,Costa Rica,95000.0
193,Bisou,"San Andres, silk",2015,78.0,U.S.A.,50.0,Blend,Costa Rica,97500.0
194,Bisou,Belize,2015,86.0,U.S.A.,65.0,Trinitario,Belize,139750.0
195,Bittersweet Origins,Ghana,2012,72.0,U.S.A.,70.0,Forastero,Ghana,126000.0
196,Bittersweet Origins,"Bali, Singaraja",2010,75.0,U.S.A.,65.0,Blend,Indonesia,121875.0
197,Bittersweet Origins,2009 Hapa Nibby,2010,70.0,U.S.A.,75.0,Blend,"Dominican Rep., Bali",131250.0
198,Bittersweet Origins,"Bali, Singaraja",2010,65.0,U.S.A.,55.0,Blend,Indonesia,89375.0
199,Bittersweet Origins,"Sambirano, 2009",2010,70.0,U.S.A.,60.0,Trinitario,Madagascar,105000.0
200,Bittersweet Origins,"Ocumare, prototype",2010,78.0,U.S.A.,60.0,Criollo,Venezuela,117000.0
201,Bittersweet Origins,Puerto Plata,2009,75.0,U.S.A.,60.0,Blend,Dominican Republic,112500.0
202,Bittersweet Origins,Puerto Plata,2009,65.0,U.S.A.,70.0,Blend,Dominican Republic,113750.0
203,Bittersweet Origins,Sambirano,2009,75.0,U.S.A.,65.0,Trinitario,Madagascar,121875.0
204,Bittersweet Origins,Sambirano,2009,65.0,U.S.A.,70.0,Trinitario,Madagascar,113750.0
205,Bittersweet Origins,Sambirano,2008,71.0,U.S.A.,60.0,Trinitario,Madagascar,106500.0
206,Bittersweet Origins,Bocas del Toro,2008,75.0,U.S.A.,70.0,Blend,Panama,131250.0
207,Bittersweet Origins,Puerto Plata,2008,68.0,U.S.A.,75.0,Blend,Dominican Republic,127500.0
208,Bittersweet Origins,Ankasa,2008,70.0,U.S.A.,60.0,Forastero,Ghana,105000.0
209,Black Mountain,La Red,2008,70.0,U.S.A.,55.0,Blend,Dominican Republic,96250.0
210,Black Mountain,Carenero Superior,2008,70.0,U.S.A.,55.0,Trinitario,Venezuela,96250.0
211,Black Mountain,Matiguas,2008,70.0,U.S.A.,60.0,Blend,Nicaragua,105000.0
212,Black River (A. Morin),Blue Mountain Region,2014,70.0,U.K.,55.0,Trinitario,Jamaica,96250.0
213,Blanxart,"Congo, Grand Cru",2013,82.0,Spain,70.0,Forastero,Congo,143500.0
214,Blanxart,Organic Dark,2009,72.0,Spain,55.0,Blend,Other,99000.0
215,Blue Bandana,"Akesson's E., Sambirano V.",2016,82.0,U.S.A.,70.0,Trinitario,Madagascar,143500.0
216,Blue Bandana,Lachua,2016,75.0,U.S.A.,55.0,Blend,Guatemala,103125.0
217,Blue Bandana,Kokoa Kamili,2016,75.0,U.S.A.,70.0,Blend,Tanzania,131250.0
218,Blue Bandana,Zorzal Reserva,2016,75.0,U.S.A.,60.0,Blend,Dominican Republic,112500.0
219,Blue Bandana,Guatemala,2012,70.0,U.S.A.,70.0,Blend,Guatemala,122500.0
220,Blue Bandana,Madagascar,2012,70.0,U.S.A.,75.0,Trinitario,Madagascar,131250.0
221,Bonnat,Selva Maya,2016,75.0,France,70.0,Blend,Mexico,131250.0
222,Bonnat,Kaori,2014,75.0,France,80.0,Blend,Brazil,150000.0
223,Bonnat,"Los Colorados, Santo Domingo, Equateur",2014,75.0,France,65.0,Blend,Dominican Republic,121875.0
224,Bonnat,Surfin,2014,65.0,France,75.0,Blend,"Venez,Africa,Brasil,Peru,Mex",121875.0
225,Bonnat,Maragnam,2013,75.0,France,70.0,Blend,Brazil,131250.0
226,Bonnat,Gabon,2013,75.0,France,65.0,Blend,Gabon,121875.0
227,Bonnat,Cuba,2011,75.0,France,70.0,Trinitario,Cuba,131250.0
228,Bonnat,"Cusco, Cacao Cusco",2011,75.0,France,70.0,Blend,Peru,131250.0
229,Bonnat,Piura Blanco,2011,75.0,France,70.0,Forastero (Nacional),Peru,131250.0
230,Bonnat,Libanio,2011,75.0,France,75.0,Blend,Brazil,140625.0
231,Bonnat,Haiti,2011,75.0,France,80.0,Blend,Haiti,150000.0
232,Bonnat,"Madagascar, 100% criollo",2011,75.0,France,80.0,Criollo,Madagascar,150000.0
233,Bonnat,Juliana,2011,75.0,France,70.0,Blend,Brazil,131250.0
234,Bonnat,Jamaique,2011,75.0,France,65.0,Trinitario,Jamaica,121875.0
235,Bonnat,Ivory Coast,2009,75.0,France,60.0,Blend,Ivory Coast,112500.0
236,Bonnat,"Porcelana, Apotequil",2009,75.0,France,55.0,Criollo,Peru,103125.0
237,Bonnat,"Porcelana, Tabasco, Marfil de Blanco",2009,75.0,France,60.0,Criollo,Mexico,112500.0
238,Bonnat,"Xoconusco, cacao Real",2009,75.0,France,60.0,Criollo,Mexico,112500.0
239,Bonnat,"Porcelana, Venezuela",2008,75.0,France,80.0,Criollo (Porcelana),Venezuela,150000.0
240,Bonnat,Equateur,2007,75.0,France,50.0,Forastero (Arriba),Ecuador,93750.0
241,Bonnat,Trinite,2006,75.0,France,75.0,Trinitario,Carribean,140625.0
242,Bonnat,"Ocumare, Puerto Cabello",2006,75.0,France,80.0,Blend,Venezuela,150000.0
243,Bonnat,"Maracaibo, El Rosario",2006,75.0,France,80.0,Criollo,Venezuela,150000.0
244,Bonnat,Madagascar,2006,75.0,France,80.0,Trinitario,Madagascar,150000.0
245,Bonnat,One Hundred,2006,100.0,France,30.0,Blend,Other,75000.0
246,Bonnat,Ceylan,2006,75.0,France,60.0,Blend,Sri Lanka,112500.0
247,Bonnat,Chuao,2006,75.0,France,80.0,Trinitario,Venezuela,150000.0
248,Bouga Cacao (Tulicorp),"El Oro, Hacienda de Oro",2009,77.0,Ecuador,65.0,Forastero (Arriba),Ecuador,125125.0
249,Bouga Cacao (Tulicorp),"El Oro, Hacienda de Oro",2009,100.0,Ecuador,30.0,Forastero (Arriba),Ecuador,75000.0
250,Bowler Man,Maya Mountain,2014,70.0,U.S.A.,55.0,Trinitario,Belize,96250.0
251,Bowler Man,Conacado,2014,70.0,U.S.A.,55.0,Blend,Dominican Republic,96250.0
252,Brasstown aka It's Chocolate,"Guasare, Zulia Prov.",2016,70.0,U.S.A.,70.0,Criollo,Venezuela,122500.0
253,Brasstown aka It's Chocolate,"O'payo, Waslala",2016,70.0,U.S.A.,75.0,Blend,Nicaragua,131250.0
254,Brasstown aka It's Chocolate,Conacado,2015,68.0,U.S.A.,75.0,Blend,Dominican Republic,127500.0
255,Brasstown aka It's Chocolate,Maya Mountain,2014,70.0,U.S.A.,75.0,Trinitario,Belize,131250.0
256,Brasstown aka It's Chocolate,Chuao,2014,70.0,U.S.A.,80.0,Trinitario,Venezuela,140000.0
257,Brasstown aka It's Chocolate,Cooproagro,2013,72.0,U.S.A.,60.0,Trinitario,Dominican Republic,108000.0
258,Brasstown aka It's Chocolate,"Camino Verde, Guayas",2013,70.0,U.S.A.,65.0,Blend,Ecuador,113750.0
259,Brasstown aka It's Chocolate,Ghana,2013,75.0,U.S.A.,70.0,Forastero,Ghana,131250.0
260,Brasstown aka It's Chocolate,"Chuao, Mantuano blend",2013,85.0,U.S.A.,70.0,Trinitario,Venezuela,148750.0
261,Brazen,Elvesia P.,2015,60.0,U.S.A.,60.0,Blend,Dominican Republic,90000.0
262,Brazen,Elvesia P.,2015,80.0,U.S.A.,65.0,Blend,Dominican Republic,130000.0
263,Brazen,"Alta Verapaz, 2014",2015,70.0,U.S.A.,70.0,Blend,Guatemala,122500.0
264,Brazen,Ambolikapiky P.,2015,80.0,U.S.A.,55.0,Blend,Madagascar,110000.0
265,Brazen,Maya Mountain,2015,80.0,U.S.A.,65.0,Trinitario,Belize,130000.0
266,Brazen,Ambolikapkly P.,2015,60.0,U.S.A.,65.0,Blend,Madagascar,97500.0
267,Breeze Mill,Jamaica,2013,70.0,U.S.A.,60.0,Trinitario,Jamaica,105000.0
268,Bright,Somia Plantation,2014,72.0,Australia,60.0,Trinitario,Madagascar,108000.0
269,Bright,Marabel Farms,2014,70.0,Australia,70.0,Blend,Dominican Republic,122500.0
270,Bright,"Camino Verde, Balao, Guayas",2014,72.0,Australia,70.0,Blend,Ecuador,126000.0
271,Bright,Gran Couva,2014,68.0,Australia,55.0,Trinitario,Trinidad,93500.0
272,Britarev,Ecuador,2015,70.0,Russia,65.0,Blend,Ecuador,113750.0
273,Bronx Grrl Chocolate,Dominican Republic,2013,68.0,U.S.A.,55.0,Blend,Dominican Republic,93500.0
274,Burnt Fork Bend,Trinidad,2014,72.0,U.S.A.,65.0,Trinitario,Trinidad,117000.0
275,Burnt Fork Bend,Mindo,2014,72.0,U.S.A.,70.0,Blend,Ecuador,126000.0
276,Burnt Fork Bend,Belize,2014,72.0,U.S.A.,65.0,Trinitario,Belize,117000.0
277,Burnt Fork Bend,Blend,2014,72.0,U.S.A.,65.0,Blend,Other,117000.0
278,Burnt Fork Bend,"Ecuador, Bob Bar",2014,60.0,U.S.A.,50.0,Blend,Ecuador,75000.0
279,Cacao Arabuco,Puerto Rico,2015,70.0,Puerto Rico,50.0,Blend,Puerto Rico,87500.0
280,Cacao Atlanta,Tumbes,2014,75.0,U.S.A.,50.0,Criollo,Peru,93750.0
281,Cacao Atlanta,"Dominican Republic, ""Love Bar""",2010,75.0,U.S.A.,50.0,Blend,Dominican Republic,93750.0
282,Cacao Atlanta,Dominican Republic w/ nibs,2010,75.0,U.S.A.,55.0,Blend,Dominican Republic,103125.0
283,Cacao Atlanta,Patanemo,2010,75.0,U.S.A.,45.0,Blend,Venezuela,84375.0
284,Cacao Barry,Grand 'Anse,2016,65.0,France,70.0,"Trinitario, Criollo",Haiti,113750.0
285,Cacao Barry,Santo Domingo,2010,70.0,France,60.0,Blend,Dominican Republic,105000.0
286,Cacao Barry,Tanzania,2008,75.0,France,40.0,Blend,Tanzania,75000.0
287,Cacao Barry,Venezuela,2007,72.0,France,40.0,Blend,Venezuela,72000.0
288,Cacao Barry,Mexico,2007,66.0,France,60.0,Blend,Mexico,99000.0
289,Cacao de Origen,Chuao,2015,77.0,Venezuela,70.0,Trinitario,Venezuela,134750.0
290,Cacao de Origen,Rio Caribe,2015,75.0,Venezuela,65.0,Trinitario,Venezuela,121875.0
291,Cacao de Origen,Agua Fria; Sucre region,2014,75.0,Venezuela,50.0,Blend,Venezuela,93750.0
292,Cacao de Origen,Macuare; Miranda; Chloe formula,2014,74.0,Venezuela,65.0,Blend,Venezuela,120250.0
293,Cacao de Origen,"Chuao, Aragua region",2014,75.0,Venezuela,70.0,Trinitario,Venezuela,131250.0
294,Cacao de Origen,"Chuao, Aragua region",2014,70.0,Venezuela,75.0,Trinitario,Venezuela,131250.0
295,Cacao de Origin,Hacienda la Trinidad,2015,74.0,Venezuela,65.0,Blend,Venezuela,120250.0
296,Cacao Hunters,Macondo,2016,71.0,Colombia,75.0,Blend,Colombia,133125.0
297,Cacao Hunters,Perla Negra,2016,74.0,Colombia,75.0,Blend,Colombia,138750.0
298,Cacao Hunters,Arhuacos,2015,72.0,Colombia,75.0,Blend,Colombia,135000.0
299,Cacao Hunters,Sierra Nevada,2014,64.0,Colombia,70.0,Blend,Colombia,112000.0
300,Cacao Hunters,Tumaco,2014,70.0,Colombia,70.0,Blend,Colombia,122500.0
301,Cacao Hunters,"Boyaca, Aprocampa Coop, Pauna",2014,69.0,Colombia,55.0,Blend,Colombia,94875.0
302,Cacao Hunters,Arauca,2014,70.0,Colombia,65.0,Blend,Colombia,113750.0
303,Cacao Market,"Jutiapa, lot 050916D",2016,70.0,U.S.A.,70.0,Trinitario,Honduras,122500.0
304,Cacao Prieto,"Criollo, Dominican Republic",2012,72.0,U.S.A.,75.0,Criollo,Dominican Republic,135000.0
305,Cacao Prieto,"Dominican Republicm, rustic",2011,72.0,U.S.A.,60.0,Blend,Dominican Republic,108000.0
306,Cacao Prieto,Dominican Republic,2011,66.0,U.S.A.,75.0,Blend,Dominican Republic,123750.0
307,Cacao Prieto,"Dominican Republic, rustic",2011,65.0,U.S.A.,65.0,Blend,Dominican Republic,105625.0
308,Cacao Sampaka,"Mahali, Kasai",2016,70.0,Spain,70.0,Criollo,Congo,122500.0
309,Cacao Sampaka,Madagascar,2010,71.0,Spain,70.0,Trinitario,Madagascar,124250.0
310,Cacao Sampaka,Ecuador,2010,71.0,Spain,75.0,Blend,Ecuador,133125.0
311,Cacao Sampaka,Papua,2010,71.0,Spain,80.0,Blend,Papua New Guinea,142000.0
312,Cacao Sampaka,Grenada,2010,71.0,Spain,65.0,Trinitario,Grenada,115375.0
313,Cacao Sampaka,Venezuela,2010,71.0,Spain,70.0,Blend,Venezuela,124250.0
314,Cacao Sampaka,Venezuela,2010,77.0,Spain,70.0,Blend,Venezuela,134750.0
315,Cacao Sampaka,"Porcelana, Tabasco, La Joya",2009,70.0,Spain,80.0,Criollo,Mexico,140000.0
316,Cacao Sampaka,"Xoconusco, Chiapas",2009,70.0,Spain,80.0,Criollo,Mexico,140000.0
317,Cacao Store,Madagascar,2015,70.0,Japan,60.0,Trinitario,Madagascar,105000.0
318,Cacao Store,Peru,2015,70.0,Japan,65.0,Blend,Peru,113750.0
319,Cacao Store,Vietnam,2015,70.0,Japan,70.0,Trinitario,Vietnam,122500.0
320,Cacaosuyo (Theobroma Inversiones),Piura,2013,70.0,Peru,65.0,Blend,Peru,113750.0
321,Cacaoyere (Ecuatoriana),Amazonia,2008,63.0,Ecuador,70.0,Forastero (Arriba),Ecuador,110250.0
322,Cacaoyere (Ecuatoriana),Esmeraldas,2008,71.0,Ecuador,70.0,Forastero (Arriba),Ecuador,124250.0
323,Cacaoyere (Ecuatoriana),Bolivar,2008,82.0,Ecuador,50.0,Forastero (Arriba),Ecuador,102500.0
324,Cacaoyere (Ecuatoriana),Pichincha,2008,91.0,Ecuador,30.0,Forastero (Arriba),Ecuador,68250.0
325,Callebaut,Grenade,2008,60.0,Belgium,55.0,Trinitario,Grenada,82500.0
326,Callebaut,Baking,2007,70.0,Belgium,20.0,Blend,Ecuador,35000.0
327,C-Amaro,Cuba,2014,75.0,Italy,50.0,Blend,Cuba,93750.0
328,C-Amaro,Dominican Republic,2014,72.0,Italy,60.0,Blend,Dominican Republic,108000.0
329,C-Amaro,"Lago di Como, Blu",2014,70.0,Italy,70.0,Blend,Other,122500.0
330,C-Amaro,Ecuador,2013,100.0,Italy,70.0,Blend,Ecuador,175000.0
331,C-Amaro,Venezuela,2012,80.0,Italy,60.0,Blend,Venezuela,120000.0
332,C-Amaro,Sao Tome,2011,78.0,Italy,45.0,Forastero,Sao Tome,87750.0
333,C-Amaro,Trinidad,2011,70.0,Italy,50.0,Trinitario,Trinidad,87500.0
334,Cao,Porcelana,2016,75.0,U.S.A.,50.0,Criollo,Venezuela,93750.0
335,Cao,Tanzania,2016,73.0,U.S.A.,55.0,Blend,Tanzania,100375.0
336,Cao,"Porcelana, Batch 5163",2016,70.0,U.S.A.,60.0,Criollo,Venezuela,105000.0
337,Cao,Bolivia,2016,75.0,U.S.A.,60.0,Blend,Bolivia,112500.0
338,Cao,Brazil,2016,70.0,U.S.A.,65.0,Trinitario,Brazil,113750.0
339,Caoni (Tulicorp),Esmeraldas,2008,77.0,Ecuador,40.0,Forastero (Arriba),Ecuador,77000.0
340,Caoni (Tulicorp),Manabi,2008,77.0,Ecuador,50.0,Forastero (Arriba),Ecuador,96250.0
341,Caoni (Tulicorp),Los Rios,2008,77.0,Ecuador,55.0,Forastero (Arriba),Ecuador,105875.0
342,Caoni (Tulicorp),Manabi,2008,55.0,Ecuador,60.0,Forastero (Arriba),Ecuador,82500.0
343,Caoni (Tulicorp),Los Rios,2008,55.0,Ecuador,65.0,Forastero (Arriba),Ecuador,89375.0
344,Caoni (Tulicorp),Esmeraldas,2008,55.0,Ecuador,70.0,Forastero (Arriba),Ecuador,96250.0
345,Captain Pembleton,"Saidor Estate, Madang P.",2014,70.0,New Zealand,70.0,Trinitario,Papua New Guinea,122500.0
346,Captain Pembleton,Kulili Estate,2014,70.0,New Zealand,75.0,Blend,Papua New Guinea,131250.0
347,Caribeans,"Antigua, Special Reserve",2015,72.0,Costa Rica,70.0,Blend,Guatemala,126000.0
348,Caribeans,"Talamanca, Raul-Kekoldo community",2015,72.0,Costa Rica,65.0,Blend,Costa Rica,117000.0
349,Caribeans,Anselmo Paraiso Estate,2015,72.0,Costa Rica,70.0,Blend,Costa Rica,126000.0
350,Caribeans,Costa Rica,2012,72.0,Costa Rica,60.0,Forastero,Costa Rica,108000.0
351,Caribeans,Costa Rica,2012,80.0,Costa Rica,55.0,Forastero,Costa Rica,110000.0
352,Carlotta Chocolat,Arauca,2016,65.0,Colombia,60.0,Trinitario,Colombia,97500.0
353,Carlotta Chocolat,Tumaco,2016,65.0,Colombia,65.0,Trinitario,Colombia,105625.0
354,Carlotta Chocolat,Cordoba,2016,65.0,Colombia,65.0,Trinitario,Colombia,105625.0
355,Carlotta Chocolat,Huila,2016,65.0,Colombia,70.0,Trinitario,Colombia,113750.0
356,Carlotta Chocolat,Cesar,2016,65.0,Colombia,70.0,CCN51,Colombia,113750.0
357,Castronovo,"Maya Mtn, Batch 454, Heirloom",2016,72.0,U.S.A.,80.0,Trinitario,Belize,144000.0
358,Castronovo,"the lost city, gracias a dias, batch 362",2015,72.0,U.S.A.,70.0,Trinitario,Honduras,126000.0
359,Castronovo,"Duarte, Batch 360",2015,70.0,U.S.A.,75.0,"Criollo, Trinitario",Domincan Republic,131250.0
360,Castronovo,"Piaroa, Amazonas, Batch 350",2015,72.0,U.S.A.,70.0,Blend,Venezuela,126000.0
361,Castronovo,Sierra Nevada,2014,72.0,U.S.A.,70.0,"Criollo, Trinitario",Colombia,126000.0
362,Castronovo,Arauca,2014,76.0,U.S.A.,70.0,"Criollo, Trinitario",Colombia,133000.0
363,Castronovo,Elvesia P.,2014,70.0,U.S.A.,55.0,Trinitario,Dominican Republic,96250.0
364,Castronovo,Bolivia,2013,70.0,U.S.A.,60.0,Trinitario,Bolivia,105000.0
365,Castronovo,Conacado,2013,73.0,U.S.A.,70.0,Trinitario,Dominican Republic,127750.0
366,Castronovo,San Martin,2013,70.0,U.S.A.,50.0,Criollo,Peru,87500.0
367,Castronovo,"Guaniamo, Amazonas",2013,70.0,U.S.A.,65.0,Blend,Venezuela,113750.0
368,Castronovo,Nicaragua,2013,72.0,U.S.A.,65.0,Trinitario,Nicaragua,117000.0
369,Castronovo,Tumbes,2013,70.0,U.S.A.,55.0,Criollo,Peru,96250.0
370,Castronovo,Guaniamo,2013,72.0,U.S.A.,60.0,Blend,Venezuela,108000.0
371,Cello,Ecuador,2014,70.0,U.S.A.,50.0,Blend,Ecuador,87500.0
372,Cello,Peru,2014,70.0,U.S.A.,55.0,Blend,Peru,96250.0
373,Cello,Venezuela,2014,70.0,U.S.A.,55.0,Blend,Venezuela,96250.0
374,Cello,Bolivia,2014,70.0,U.S.A.,60.0,Blend,Bolivia,105000.0
375,Cemoi,Equateur,2009,72.0,France,55.0,Blend,Ecuador,99000.0
376,Chaleur B,Uganda,2014,70.0,Canada,55.0,Forastero,Uganda,96250.0
377,Charm School,Maya Mtn,2016,70.0,U.S.A.,65.0,Blend,Belize,113750.0
378,Chchukululu (Tulicorp),Arriba,2010,55.0,Ecuador,55.0,Forastero (Arriba),Ecuador,75625.0
379,Chchukululu (Tulicorp),Los Rios,2008,75.0,Ecuador,60.0,Forastero (Arriba),Ecuador,112500.0
380,Chequessett,la Amistad,2014,70.0,U.S.A.,70.0,Blend,Costa Rica,122500.0
381,Chloe Chocolat,Blend No. 1,2011,70.0,France,70.0,Blend,Other,122500.0
382,Chocablog,Ecuador,2015,70.0,U.K.,65.0,Blend,Ecuador,113750.0
383,Choco Del Sol,Maya Mountain w/ nibs,2014,75.0,Germany,60.0,Trinitario,Belize,112500.0
384,Choco Del Sol,Maya Mountain,2014,82.0,Germany,65.0,Trinitario,Belize,133250.0
385,Choco Dong,"Mekong Delta, early 2014 Harvest",2015,70.0,South Korea,55.0,Trinitario,Vietnam,96250.0
386,Choco Dong,"Tawau, Oct. 2015 Harvest",2015,70.0,South Korea,70.0,Trinitario,Malaysia,122500.0
387,Chocolarder,Peru,2015,65.0,U.K.,50.0,Criollo,Peru,81250.0
388,Chocolarder,Peru + nibs,2015,65.0,U.K.,55.0,Criollo,Peru,89375.0
389,Chocolarder,Dominican Republic,2015,80.0,U.K.,50.0,Blend,Dominican Republic,100000.0
390,Chocola'te,Madagascar,2011,70.0,U.S.A.,75.0,Trinitario,Madagascar,131250.0
391,Chocola'te,Venezuela,2011,68.0,U.S.A.,75.0,Blend,Venezuela,127500.0
392,Chocolate Alchemist-Philly,"Tumbes, ""Zarumilla""",2016,90.0,U.S.A.,50.0,Blend,Peru,112500.0
393,Chocolate Alchemist-Philly,"Philly Blend, 5 plantations",2016,80.0,U.S.A.,50.0,Blend,Other,100000.0
394,Chocolate Con Amor,Wild Bolivian,2016,70.0,U.S.A.,50.0,Blend,Bolivia,87500.0
395,Chocolate Con Amor,Uganda,2016,70.0,U.S.A.,55.0,Blend,Uganda,96250.0
396,Chocolate Con Amor,Dominican Republic,2016,60.0,U.S.A.,60.0,Blend,Dominican Republic,90000.0
397,Chocolate Con Amor,Dominican Republic,2016,75.0,U.S.A.,60.0,Blend,Dominican Republic,112500.0
398,Chocolate Con Amor,Ocumare,2016,80.0,U.S.A.,60.0,Criollo (Ocumare),Venezuela,120000.0
399,Chocolate Con Amor,Ecuador,2016,70.0,U.S.A.,65.0,Blend,Ecuador,113750.0
400,Chocolate Con Amor,Nicaragua,2016,80.0,U.S.A.,55.0,Blend,Nicaragua,110000.0
401,Chocolate Conspiracy,Peru,2014,74.0,U.S.A.,55.0,Blend,Peru,101750.0
402,Chocolate Makers,Tres Hombres,2015,75.0,Amsterdam,65.0,Trinitario,Dominican Republic,121875.0
403,Chocolate Makers,"Congo, Gorilla bar",2015,68.0,Amsterdam,70.0,Forastero,Congo,119000.0
404,Chocolate Makers,"Peru, Awagum bar",2015,80.0,Amsterdam,75.0,Criollo,Peru,150000.0
405,"Chocolate Tree, The",Maranon,2015,69.0,Scotland,75.0,Forastero (Nacional),Peru,129375.0
406,"Chocolate Tree, The",Carenero Superior,2015,80.0,Scotland,75.0,Trinitario,Venezuela,150000.0
407,"Chocolate Tree, The",Peru,2013,70.0,Scotland,75.0,Forastero (Nacional),Peru,131250.0
408,"Chocolate Tree, The",Ecuador,2012,82.0,Scotland,50.0,Forastero (Arriba),Ecuador,102500.0
409,"Chocolate Tree, The",Peru,2012,68.0,Scotland,55.0,Criollo,Peru,93500.0
410,"Chocolate Tree, The",Madagascar,2012,72.0,Scotland,65.0,Criollo,Madagascar,117000.0
411,Chocolats Privilege,Xoconusco,2014,70.0,Canada,50.0,Criollo,Mexico,87500.0
412,ChocoReko,Patanemo,2015,77.0,Japan,60.0,Criollo,Venezuela,115500.0
413,Chocosol,"Chiapas, Lacandon Jungle, Oaxacom Mtn",2011,65.0,Canada,65.0,Blend,Mexico,105625.0
414,Chocovic,Xoconusco,2010,71.0,Spain,65.0,Criollo,Mexico,115375.0
415,Chocovic,Sambirano,2010,71.0,Spain,70.0,Trinitario,Madagascar,124250.0
416,Chocovic,Kendari,2009,60.0,Spain,65.0,Blend,Other,97500.0
417,Chocovic,Tarakan,2009,75.0,Spain,65.0,Blend,Other,121875.0
418,Chocovic,Ocumare,2008,71.0,Spain,70.0,Criollo,Venezuela,124250.0
419,Chocovic,"Bolivar, Guaranda",2007,71.0,Spain,50.0,Forastero (Arriba),Ecuador,88750.0
420,Chocovic,Guyave,2007,71.0,Spain,50.0,Trinitario,Grenada,88750.0
421,Chocovic,Maragda,2007,70.0,Spain,60.0,Blend,Other,105000.0
422,Chocovivo,Tabasco,2015,65.0,U.S.A.,50.0,Trinitario,Mexico,81250.0
423,Chocovivo,Tabasco,2015,75.0,U.S.A.,50.0,Trinitario,Mexico,93750.0
424,Choklat,Ocumare,2009,80.0,Canada,50.0,Criollo,Venezuela,100000.0
425,Choklat,"Porcelana, Tabasco",2009,70.0,Canada,55.0,Criollo,Mexico,96250.0
426,Choklat,Brazilian,2009,70.0,Canada,60.0,Blend,Brazil,105000.0
427,Choklat,Brazilian,2009,80.0,Canada,60.0,Blend,Brazil,120000.0
428,Choklat,Ocumare,2009,70.0,Canada,60.0,Criollo,Venezuela,105000.0
429,Chokolat Elot (Girard),Guadeloupe,2013,42.0,Martinique,55.0,Blend,Martinique,57750.0
430,Choocsol,"Chiapas, Lacandon Jungle, Oaxacom Mtn",2016,75.0,Canada,65.0,Blend,Mexico,121875.0
431,Christopher Morel (Felchlin),"Maranon Canyon, Fortunato No. 4",2011,68.0,Canada,75.0,Forastero (Nacional),Peru,127500.0
432,Chuao Chocolatier,Choroni,2009,61.0,U.S.A.,60.0,Criollo,Venezuela,91500.0
433,Chuao Chocolatier (Pralus),Chuao,2010,77.0,U.S.A.,55.0,Trinitario,Venezuela,105875.0
434,Claudio Corallo,Terreiro Velho P.,2010,73.5,Sao Tome,75.0,Forastero,Sao Tome & Principe,137812.5
435,Claudio Corallo,Terreiro Velho P. w/ sugar crystals,2008,80.0,Sao Tome,60.0,Forastero,Sao Tome & Principe,120000.0
436,Claudio Corallo,Terreiro Velho P.,2008,75.0,Sao Tome,80.0,Forastero,Sao Tome & Principe,150000.0
437,Claudio Corallo,Principe,2008,100.0,Sao Tome,20.0,Forastero,Sao Tome & Principe,50000.0
438,Cloudforest,"Camino Verde P., Balao, Guayas, 2014",2015,73.0,U.S.A.,70.0,Blend,Ecuador,127750.0
439,Coleman & Davis,Sambirano,2015,75.0,U.S.A.,60.0,Trinitario,Madagascar,112500.0
440,Compania de Chocolate (Salgado),Sur del Lago,2010,70.0,Argentina,65.0,Blend,Venezuela,113750.0
441,Compania de Chocolate (Salgado),Carenero Superior,2008,80.0,Argentina,55.0,Trinitario,Venezuela,110000.0
442,Compania de Chocolate (Salgado),Moxos,2008,72.0,Argentina,65.0,Blend,Bolivia,117000.0
443,Compania de Chocolate (Salgado),Ocumare,2008,70.0,Argentina,75.0,Criollo,Venezuela,131250.0
444,Compania de Chocolate (Salgado),Esmeraldas,2008,88.0,Argentina,55.0,Forastero (Nacional),Ecuador,121000.0
445,Condor,Camino Verde,2015,76.0,U.S.A.,70.0,Blend,Ecuador,133000.0
446,Confluence,"Tien Giang, 2015, batch 10-2-16",2016,78.0,U.S.A.,55.0,Trinitario,Vietnam,107250.0
447,Coppeneur,"Ecuador, Puristique",2013,65.0,Germany,65.0,Forastero (Nacional),Ecuador,105625.0
448,Coppeneur,Ghana Puristique,2012,85.0,Germany,70.0,Forastero,Ghana,148750.0
449,Coppeneur,Ecuador Puristique,2012,100.0,Germany,30.0,Blend,Ecuador,75000.0
450,Coppeneur,Uba Budo,2012,72.0,Germany,75.0,Forastero,Sao Tome & Principe,135000.0
451,Coppeneur,Madagascar,2012,70.0,Germany,70.0,Trinitario,Madagascar,122500.0
452,Coppeneur,Grenada,2010,72.0,Germany,65.0,Trinitario,Grenada,117000.0
453,Coppeneur,Chuao,2010,70.0,Germany,60.0,Trinitario,Venezuela,105000.0
454,Coppeneur,"Los Rios, H. Iara",2010,72.0,Germany,50.0,Nacional,Ecuador,90000.0
455,Coppeneur,Trinidad,2010,72.0,Germany,60.0,Trinitario,Trinidad,108000.0
456,Coppeneur,Jamaica,2010,72.0,Germany,65.0,Trinitario,Jamaica,117000.0
457,Coppeneur,Ocumare 61,2010,72.0,Germany,65.0,Criollo (Ocumare 61),Venezuela,117000.0
458,Coppeneur,"Porcelana, Apotequil",2009,72.0,Germany,60.0,Criollo,Peru,108000.0
459,Coppeneur,"Porcelana, Apotequil",2009,62.0,Germany,65.0,Criollo,Peru,100750.0
460,Coppeneur,Chuao 100hr,2009,70.0,Germany,70.0,"Criollo, Trinitario",Venezuela,122500.0
461,Coppeneur,Chuao 70hr,2009,70.0,Germany,75.0,"Criollo, Trinitario",Venezuela,131250.0
462,Coppeneur,"Porcelana, Tabasco, Mexico",2008,72.0,Germany,60.0,Criollo,Mexico,108000.0
463,Coppeneur,"Porcelana, Venezuela",2008,72.0,Germany,60.0,Criollo (Porcelana),Venezuela,108000.0
464,Coppeneur,"Sambirano, Menava P.",2007,72.0,Germany,60.0,Trinitario,Madagascar,108000.0
465,Cote d' Or (Kraft),Sensations Intense,2006,70.0,Belgium,20.0,Blend,Other,35000.0
466,Cravve,New Ireland,2014,70.0,Australia,50.0,Forastero,Papua New Guinea,87500.0
467,Cravve,"Vanuatu, batch 2410",2014,83.0,Australia,55.0,Trinitario,Vanuatu,114125.0
468,Cravve,"Tanzania, batch a1",2012,75.0,Australia,65.0,Forastero,Tanzania,121875.0
469,Cravve,"Bahia, batch a1213",2012,65.0,Australia,65.0,Trinitario,Brazil,105625.0
470,Cravve,"Namau Village, N. Taileva P., batch a2812",2012,67.0,Australia,65.0,Trinitario,Fiji,108875.0
471,Cravve,Vanuatu,2012,64.0,Australia,65.0,Trinitario,Vanuatu,104000.0
472,Cravve,Djual Island,2012,75.0,Australia,70.0,Forastero,Papua New Guinea,131250.0
473,Creo,"""heirloom"", Arriba Nacional",2016,85.0,U.S.A.,65.0,Forastero (Nacional),Ecuador,138125.0
474,Creo,"""heirloom"", Arriba Nacional",2016,73.0,U.S.A.,75.0,Forastero (Nacional),Ecuador,136875.0
475,Daintree,Goodman Estate,2015,70.0,Australia,55.0,Blend,Australia,96250.0
476,Daintree,"Daintree Estates, N. Queensland",2011,70.0,Australia,65.0,Blend,Australia,113750.0
477,Dalloway,"Dominican Republic, batch 7",2017,72.0,U.S.A.,55.0,Blend,Dominican Republic,99000.0
478,Damson,Robson Estate,2015,70.0,U.K.,60.0,Trinitario,Trinidad,105000.0
479,Damson,Los Rios,2015,70.0,U.K.,70.0,Blend,Ecuador,122500.0
480,Damson,Crayfish Bay aka Non Pariel Estate,2015,70.0,U.K.,45.0,Blend,Grenada,78750.0
481,Damson,O'Payo,2015,70.0,U.K.,55.0,Blend,Nicaragua,96250.0
482,Dandelion,"Zorzal Reserva, 2015 H., Kerchner",2016,70.0,U.S.A.,75.0,Blend,Other,131250.0
483,Dandelion,"Maya Mtn., Break Bar- Snark",2015,70.0,U.S.A.,60.0,Trinitario,Belize,105000.0
484,Dandelion,Maya Mountain,2014,70.0,U.S.A.,70.0,Trinitario,Belize,122500.0
485,Dandelion,"Camino Verde P., Balao, Guayas, 2013",2014,70.0,U.S.A.,70.0,Blend,Ecuador,122500.0
486,Dandelion,Buto,2014,70.0,U.S.A.,55.0,Blend,Liberia,96250.0
487,Dandelion,"San Francisco de Macoris, Cibao region",2014,70.0,U.S.A.,75.0,Blend,Dominican Republic,131250.0
488,Dandelion,"Cumboto, farmer Jose Lugo",2013,70.0,U.S.A.,55.0,Blend,Venezuela,96250.0
489,Dandelion,Patanemo,2013,70.0,U.S.A.,65.0,Blend,Venezuela,113750.0
490,Dandelion,"Mantuano, 2012",2013,70.0,U.S.A.,70.0,Blend,Venezuela,122500.0
491,Dandelion,Papua New Guinea,2013,70.0,U.S.A.,70.0,Blend,Papua New Guinea,122500.0
492,Dandelion,Upala,2012,70.0,U.S.A.,60.0,Blend,Costa Rica,105000.0
493,Dandelion,Colombian,2012,70.0,U.S.A.,65.0,Blend,Colombia,113750.0
494,Dandelion,"Elvesia, 2011",2012,70.0,U.S.A.,75.0,Blend,Dominican Republic,131250.0
495,Dandelion,Dominican Republic,2011,70.0,U.S.A.,65.0,Blend,Dominican Republic,113750.0
496,Dandelion,Madagascar,2011,70.0,U.S.A.,65.0,Trinitario,Madagascar,113750.0
497,Dandelion,Tanzania,2011,70.0,U.S.A.,65.0,Blend,Tanzania,113750.0
498,Danta,Los Ujuxtes,2014,82.0,Guatemala,65.0,Blend,Guatemala,133250.0
499,Danta,Chuao,2012,75.0,Guatemala,60.0,Trinitario,Venezuela,112500.0
500,Danta,Los Ujuxtes,2012,70.0,Guatemala,75.0,Blend,Guatemala,131250.0
501,Danta,Sambirano,2012,70.0,Guatemala,75.0,Trinitario,Madagascar,131250.0
502,Danta,Las Acacias E.,2012,70.0,Guatemala,80.0,Criollo,Guatemala,140000.0
503,Danta,"Oscuro, Finca Chimelb",2012,70.0,Guatemala,65.0,Blend,Guatemala,113750.0
504,Danta,Los Ujuxtes,2011,60.0,Guatemala,70.0,Blend,Guatemala,105000.0
505,Danta,Las Acacias E.,2009,75.0,Guatemala,60.0,Criollo,Guatemala,112500.0
506,Danta,Las Acacias E.,2009,60.0,Guatemala,65.0,Criollo,Guatemala,97500.0
507,DAR,"Venezuela, batch 122",2016,72.0,U.S.A.,55.0,Blend,Venezuela,99000.0
508,DAR,Vietnam,2016,72.0,U.S.A.,60.0,Trinitario,Vietnam,108000.0
509,DAR,"DUO, batch 002",2016,70.0,U.S.A.,65.0,Blend,"Ecuador, Costa Rica",113750.0
510,Dark Forest,Bolivia,2016,75.0,U.S.A.,65.0,Blend,Bolivia,121875.0
511,Dark Forest,Madagascar,2015,70.0,U.S.A.,60.0,Trinitario,Madagascar,105000.0
512,Dark Forest,Ocumare,2015,70.0,U.S.A.,65.0,Blend,Venezuela,113750.0
513,Dark Forest,Tanzania,2015,70.0,U.S.A.,60.0,Blend,Tanzania,105000.0
514,Dark Forest,Ecuador,2015,70.0,U.S.A.,65.0,Blend,Ecuador,113750.0
515,Davis,Ghana,2013,70.0,U.S.A.,50.0,Forastero,Ghana,87500.0
516,Davis,Rainforest,2013,70.0,U.S.A.,55.0,Blend,Dominican Republic,96250.0
517,Davis,Venezuela,2013,70.0,U.S.A.,55.0,Blend,Venezuela,96250.0
518,Davis,West Africa,2012,58.0,U.S.A.,65.0,Forastero,West Africa,94250.0
519,De Mendes,"Nativo, Varzea",2015,72.0,Brazil,70.0,Blend,Brazil,126000.0
520,De Mendes,"Selvagem, Jari",2015,65.0,Brazil,70.0,Blend,Brazil,113750.0
521,De Villiers,Bundibugyo District,2016,70.0,South Africa,50.0,Forastero,Uganda,87500.0
522,De Villiers,"Sambirano Valley, batch 2477",2016,70.0,South Africa,60.0,Blend,Madagascar,105000.0
523,Dean and Deluca (Belcolade),Madagascar,2007,66.0,U.S.A.,50.0,Trinitario,Madagascar,82500.0
524,Dean and Deluca (Belcolade),Costa Rica,2007,64.0,U.S.A.,60.0,Blend,Costa Rica,96000.0
525,Dean and Deluca (Belcolade),Ecuador,2007,71.0,U.S.A.,60.0,Blend,Ecuador,106500.0
526,Dean and Deluca (Belcolade),Ghana,2007,60.0,U.S.A.,60.0,Forastero,Ghana,90000.0
527,Dean and Deluca (Belcolade),Papua New Guinea,2007,64.0,U.S.A.,60.0,Blend,Papua New Guinea,96000.0
528,Dean and Deluca (Belcolade),Peru,2007,64.0,U.S.A.,60.0,Blend,Peru,96000.0
529,Debauve & Gallais (Michel Cluizel),Papua New Guinea,2009,64.0,France,60.0,Blend,Papua New Guinea,96000.0
530,Debauve & Gallais (Michel Cluizel),Venezuela,2008,66.0,France,75.0,Blend,Venezuela,123750.0
531,Desbarres,"Kilombero, batch 41",2016,72.0,Canada,50.0,Blend,Tanzania,90000.0
532,DeVries,Bolivian,2008,80.0,U.S.A.,55.0,Blend,Bolivia,110000.0
533,DeVries,Costa Rica,2007,77.0,U.S.A.,70.0,Trinitario,Costa Rica,134750.0
534,DeVries,Dominican Republic,2007,77.0,U.S.A.,70.0,Blend,Dominican Republic,134750.0
535,Dick Taylor,Lanquin Estate,2017,70.0,U.S.A.,75.0,Blend,Guatemala,131250.0
536,Dick Taylor,Tien Giang,2016,78.0,U.S.A.,70.0,Trinitario,Vietnam,136500.0
537,Dick Taylor,"Alto Beni, Wild Harvest, Limited Ed.",2015,70.0,U.S.A.,75.0,Blend,Bolivia,131250.0
538,Dick Taylor,Elvesia,2014,74.0,U.S.A.,70.0,Blend,Dominican Republic,129500.0
539,Dick Taylor,"Ecuador, Choc. Garage Exclusive",2013,70.0,U.S.A.,65.0,Blend,Ecuador,113750.0
540,Dick Taylor,Camino Verde,2013,76.0,U.S.A.,70.0,Blend,Ecuador,133000.0
541,Dick Taylor,Bolivia,2012,75.0,U.S.A.,55.0,Blend,Bolivia,103125.0
542,Dick Taylor,Belize,2012,72.0,U.S.A.,55.0,Trinitario,Belize,99000.0
543,Dick Taylor,Sambirano,2011,80.0,U.S.A.,55.0,Trinitario,Madagascar,110000.0
544,Dick Taylor,Sambirano,2011,72.0,U.S.A.,60.0,Trinitario,Madagascar,108000.0
545,Dick Taylor,Mantuano,2011,75.0,U.S.A.,55.0,Criollo,Venezuela,103125.0
546,Dick Taylor,La Red,2011,74.0,U.S.A.,60.0,Blend,Dominican Republic,111000.0
547,Dick Taylor,Ecuador,2011,70.0,U.S.A.,65.0,Blend,Ecuador,113750.0
548,Doble & Bignall,Puerto Cabello,2015,85.0,U.K.,60.0,Blend,Venezuela,127500.0
549,Doble & Bignall,"Panama, Raven",2014,72.0,U.K.,65.0,Blend,Panama,117000.0
550,Doble & Bignall,"Puerto Cabello, Mantuano",2014,72.0,U.K.,65.0,Trinitario,Venezuela,117000.0
551,Doble & Bignall,Johe,2014,72.0,U.K.,70.0,"Criollo, Trinitario",Nicaragua,126000.0
552,Dole (Guittard),"O'ahu, N. Shore, Waialua Estate",2009,70.0,U.S.A.,75.0,Blend,Hawaii,131250.0
553,Dolfin (Belcolade),Africa,2008,88.0,Belgium,60.0,Forastero,West Africa,132000.0
554,Dolfin (Belcolade),Noir,2006,70.0,Belgium,30.0,Blend,Other,52500.0
555,Domori,Hacienda Victoria,2015,70.0,Italy,75.0,Blend,Ecuador,131250.0
556,Domori,Ocumare 77,2015,70.0,Italy,75.0,Criollo (Ocumare 77),Venezuela,131250.0
557,Domori,"IL100, H. San Jose",2013,100.0,Italy,60.0,Criollo,Venezuela,150000.0
558,Domori,Morogoro,2012,70.0,Italy,70.0,Blend,Tanzania,122500.0
559,Domori,Guasare,2012,70.0,Italy,75.0,Criollo,Venezuela,131250.0
560,Domori,"Canoabo, Hacienda San Jose",2011,70.0,Italy,70.0,Criollo,Venezuela,122500.0
561,Domori,"Chuao, Hacienda San Jose",2010,70.0,Italy,60.0,Trinitario,Venezuela,105000.0
562,Domori,"Carupano, H. San Jose",2008,70.0,Italy,60.0,Trinitario,Venezuela,105000.0
563,Domori,Teyuna,2008,70.0,Italy,60.0,Blend,Colombia,105000.0
564,Domori,Blend No. 1,2008,78.0,Italy,70.0,Blend,Other,136500.0
565,Domori,Ilblend,2008,70.0,Italy,75.0,Blend,Other,131250.0
566,Domori,Porcelana,2007,70.0,Italy,80.0,Criollo (Porcelana),Venezuela,140000.0
567,Domori,"Ocumare 61, Puertomar",2007,75.0,Italy,65.0,Criollo (Ocumare 61),Venezuela,121875.0
568,Domori,Granella,2007,60.0,Italy,65.0,Trinitario,Venezuela,97500.0
569,Domori,Madagascar,2007,70.0,Italy,70.0,Trinitario,Madagascar,122500.0
570,Domori,Madagared,2007,70.0,Italy,70.0,Criollo,Madagascar,122500.0
571,Domori,"Java, Javablond",2007,70.0,Italy,75.0,Criollo,Indonesia,131250.0
572,Domori,Ecuador,2007,70.0,Italy,80.0,Forastero (Arriba),Ecuador,140000.0
573,Domori,"Ocumare 67, Puertofino",2007,70.0,Italy,80.0,Criollo (Ocumare 67),Venezuela,140000.0
574,Domori,Sur del Lago Classificado,2006,70.0,Italy,60.0,Trinitario,Venezuela,105000.0
575,Domori,Apurimac,2006,70.0,Italy,65.0,Trinitario,Peru,113750.0
576,Domori,Carenero Superior,2006,70.0,Italy,70.0,Trinitario,Venezuela,122500.0
577,Dormouse,Non Pariel Estate,2016,75.0,U.K.,55.0,Trinitario,Grenada,103125.0
578,Dormouse,"Rio Caribe, Batch 7",2015,70.0,U.K.,50.0,Trinitario,Venezuela,87500.0
579,Dormouse,"Colombia, Batch 9",2015,80.0,U.K.,55.0,"Criollo, Trinitario",Colombia,110000.0
580,Dormouse,"Madagascar, Batch 8",2015,77.0,U.K.,55.0,"Criollo, Trinitario",Madagascar,105875.0
581,Duffy's,"Rio Dulce, Xoco",2015,70.0,U.K.,80.0,Criollo,Guatemala,140000.0
582,Duffy's,"Chuno, Xoco",2014,70.0,U.K.,70.0,Criollo,Nicaragua,122500.0
583,Duffy's,"Rico Rugoso, Xoco",2014,76.0,U.K.,75.0,Criollo,Nicaragua,142500.0
584,Duffy's,Ocumare,2012,72.0,U.K.,75.0,Blend,Venezuela,135000.0
585,Duffy's,"Indio Rojo, Xoco",2011,72.0,U.K.,75.0,Criollo,Honduras,135000.0
586,Duffy's,Dominican Republic,2011,65.0,U.K.,70.0,Blend,Dominican Republic,113750.0
587,Duffy's,"Bocas del Toro, Tierra Oscura",2011,72.0,U.K.,60.0,Blend,Panama,108000.0
588,Duffy's,"Nicaliso, Xoco",2011,71.0,U.K.,65.0,Criollo,Nicaragua,115375.0
589,Duffy's,Ocumare,2011,71.0,U.K.,70.0,Blend,Venezuela,124250.0
590,Duffy's,Panama,2010,70.0,U.K.,70.0,Blend,Panama,122500.0
591,Duffy's,"Corazon del Ecuador, Calceta beans",2010,72.0,U.K.,75.0,Blend,Ecuador,135000.0
592,Duffy's,Star of Ecuador,2010,70.0,U.K.,50.0,Blend,Ecuador,87500.0
593,Duffy's,Star of Peru,2010,70.0,U.K.,75.0,Blend,Peru,131250.0
594,Dulcinea,Dominican Republic,2015,70.0,U.S.A.,65.0,Blend,Dominican Republic,113750.0
595,Durand,Madagascar,2012,82.0,France,55.0,Trinitario,Madagascar,112750.0
596,Durci,"Maranon, Joya Rara",2015,70.0,U.S.A.,70.0,Forastero (Nacional),Peru,122500.0
597,Durci,"Rio Caribe, Tepui Treasure",2015,70.0,U.S.A.,70.0,Trinitario,Venezuela,122500.0
598,Durci,Taino Secret,2015,70.0,U.S.A.,65.0,Blend,Domincan Republic,113750.0
599,Durci,"Carenero, Empyrean Sabor",2015,70.0,U.S.A.,65.0,Trinitario,Venezuela,113750.0
600,Durci,Corona Arriba,2015,70.0,U.S.A.,80.0,Blend,Ecuador,140000.0
601,East Van Roasters,Peru,2014,70.0,Canada,65.0,Blend,Peru,113750.0
602,East Van Roasters,Madagascar,2014,70.0,Canada,70.0,Trinitario,Madagascar,122500.0
603,East Van Roasters,Dominican Republic,2014,70.0,Canada,75.0,Blend,Dominican Republic,131250.0
604,Eau de Rose,Tumaco,2016,70.0,Canada,65.0,Blend,Colombia,113750.0
605,Eau de Rose,Arauca,2016,70.0,Canada,65.0,Blend,Colombia,113750.0
606,Eclat (Felchlin),"Maranon, Good & Evil, w/ nibs",2012,72.0,U.S.A.,55.0,Forastero (Nacional),Peru,99000.0
607,Edelmond,Porcelana,2016,68.0,Germany,60.0,Criollo,Venezuela,102000.0
608,El Ceibo,"Alto Beni, Covendo Region",2011,75.0,Bolivia,75.0,Blend,Bolivia,140625.0
609,El Ceibo,Alto Beni,2008,71.0,Bolivia,55.0,Blend,Bolivia,97625.0
610,El Rey,San Joaquin,2015,70.0,Venezuela,75.0,Blend,Venezuela,131250.0
611,El Rey,"Rio Caribe, Cariaco",2009,60.5,Venezuela,55.0,Trinitario,Venezuela,83187.5
612,El Rey,"Rio Caribe, Macuro",2009,70.0,Venezuela,60.0,Trinitario,Venezuela,105000.0
613,El Rey,"Carenero Superior, Apamate",2008,74.0,Venezuela,50.0,Criollo,Venezuela,92500.0
614,El Rey,"Carenero Superior, Bucare",2008,58.0,Venezuela,50.0,Criollo,Venezuela,72500.0
615,El Rey,"Carenero Superior, Mijao",2008,61.0,Venezuela,60.0,Criollo,Venezuela,91500.0
616,El Rey,"Carenero Superior, Gran Saman",2006,70.0,Venezuela,55.0,Criollo,Venezuela,96250.0
617,Emerald Estate,Emerald Estate,2013,60.0,St. Lucia,55.0,Blend,St. Lucia,82500.0
618,Emerald Estate,Emerald Estate,2013,70.0,St. Lucia,65.0,Blend,St. Lucia,113750.0
619,Emily's,Patanemo,2015,79.0,Japan,60.0,Blend,Venezuela,118500.0
620,Emily's,Peru,2015,78.0,Japan,70.0,Criollo,Peru,136500.0
621,ENNA,"Wampusirpi, batch 007",2016,75.0,U.S.A.,65.0,Blend,Honduras,121875.0
622,Enric Rovira (Claudio Corallo),Terreiro Velho P.,2010,80.0,Spain,65.0,Forastero,Sao Tome & Principe,130000.0
623,Erithaj (A. Morin),Ben Tre,2014,70.0,France,65.0,Trinitario,Vietnam,113750.0
624,Erithaj (A. Morin),Ham Luong,2014,80.0,France,60.0,Trinitario,Vietnam,120000.0
625,Erithaj (A. Morin),Ba Lai,2014,74.0,France,65.0,Trinitario,Vietnam,120250.0
626,Escazu,Rio Caribe,2012,70.0,U.S.A.,55.0,Trinitario,Venezuela,96250.0
627,Escazu,Guapiles,2009,65.0,U.S.A.,40.0,Blend,Costa Rica,65000.0
628,Escazu,Carenero Superior,2009,81.0,U.S.A.,70.0,Criollo,Venezuela,141750.0
629,Escazu,"Carenero, Guapiles, Ocumare blend",2009,74.0,U.S.A.,55.0,Blend,"Cost Rica, Ven",101750.0
630,Escazu,Ocumare,2008,72.0,U.S.A.,60.0,Criollo,Venezuela,108000.0
631,Ethel's Artisan (Mars),"Peru, Madagascar",2011,55.0,U.S.A.,50.0,Blend,"Peru, Madagascar",68750.0
632,Ethel's Artisan (Mars),Trinidad,2011,55.0,U.S.A.,50.0,Trinitario,Trinidad,68750.0
633,Ethel's Artisan (Mars),Porcelana,2011,70.0,U.S.A.,50.0,Criollo (Porcelana),Venezuela,87500.0
634,Ethel's Artisan (Mars),Red Vanilla,2011,62.0,U.S.A.,55.0,Blend,Other,85250.0
635,Ethel's Artisan (Mars),"Venezuela, Trinidad",2011,62.0,U.S.A.,50.0,Blend,"Venezuela, Trinidad",77500.0
636,Ethereal,Belize,2014,80.0,U.S.A.,60.0,Trinitario,Belize,120000.0
637,Ethereal,Ecuador,2014,80.0,U.S.A.,70.0,Blend,Ecuador,140000.0
638,Ethereal,Dominican Republic,2014,80.0,U.S.A.,75.0,Blend,Dominican Republic,150000.0
639,Fearless (AMMA),"Monte Alegre, D. Badaro, Raw, Organic",2010,75.0,U.S.A.,55.0,Blend,Brazil,103125.0
640,Feitoria Cacao,Blue Mountain,2016,76.0,Portugal,60.0,Blend,Jamaica,114000.0
641,Feitoria Cacao,Cuyagua,2016,76.0,Portugal,50.0,Blend,Venezuela,95000.0
642,Feitoria Cacao,Maya Mountain,2016,76.0,Portugal,55.0,Trinitario,Belize,104500.0
643,Felchlin,Grenada,2010,58.0,Switzerland,70.0,Trinitario,Grenada,101500.0
644,Felchlin,Supremo- SF,2006,62.0,Switzerland,40.0,Blend,Other,62000.0
645,Felchlin,Elvesia P.,2006,74.0,Switzerland,60.0,"Trinitario, Criollo",Dominican Republic,111000.0
646,Felchlin,"Madagascar, Grand Cru",2006,64.0,Switzerland,60.0,Criollo,Madagascar,96000.0
647,Felchlin,Maracaibo Clasificado,2006,65.0,Switzerland,60.0,Criollo,Venezuela,97500.0
648,Felchlin,Arriba,2006,72.0,Switzerland,70.0,Forastero (Arriba),Ecuador,126000.0
649,Felchlin,"Alto Beni, Cru Savage",2006,68.0,Switzerland,80.0,Criollo (Wild),Bolivia,136000.0
650,Finca,Puerto Rico,2014,65.0,U.S.A.,45.0,Blend,Puerto Rico,73125.0
651,Finca,Dominican Republic,2014,80.0,U.S.A.,60.0,Blend,Dominican Republic,120000.0
652,Finca,Dominican Republic,2014,70.0,U.S.A.,65.0,Blend,Dominican Republic,113750.0
653,Finca,Dominican Republic,2014,85.0,U.S.A.,50.0,Blend,Dominican Republic,106250.0
654,Forever Cacao,Rio Eni,2014,72.0,U.K.,55.0,Criollo,Peru,99000.0
655,Forteza (Cortes),Dominican Republic,2016,70.0,Puerto Rico,55.0,Blend,Domincan Republic,96250.0
656,Forteza (Cortes),Puerto Rico,2016,80.0,Puerto Rico,55.0,Blend,Domincan Republic,110000.0
657,Fossa,"Akesson's E., Sambirano V.",2016,70.0,Singapore,55.0,Blend,Madagascar,96250.0
658,Fossa,"Camino Verde P., Balao, Guayas",2016,75.0,Singapore,70.0,Blend,Ecuador,131250.0
659,Fossa,"Kokoa Kamili Coop, Kilombero",2016,67.0,Singapore,75.0,Trinitario,Tanzania,125625.0
660,Franceschi,Choroni,2014,70.0,Venezuela,70.0,Blend,Venezuela,122500.0
661,Franceschi,Ocumare,2014,70.0,Venezuela,75.0,Blend,Venezuela,131250.0
662,Franceschi,Canoabo,2012,70.0,Venezuela,75.0,Blend,Venezuela,131250.0
663,Franceschi,Sur del Lago,2012,60.0,Venezuela,70.0,Blend,Venezuela,105000.0
664,Frederic Blondeel,Costa Rica,2015,70.0,Belgium,70.0,Blend,Costa Rica,122500.0
665,Frederic Blondeel,Peru Brutus,2015,75.0,Belgium,70.0,Blend,Peru,131250.0
666,Frederic Blondeel,Vietnam,2015,80.0,Belgium,60.0,Trinitario,Vietnam,120000.0
667,Frederic Blondeel,Ghana,2014,60.0,Belgium,70.0,Forastero,Ghana,105000.0
668,Frederic Blondeel,Madagascar,2014,65.0,Belgium,70.0,Trinitario,Madagascar,113750.0
669,French Broad,"Norandino, batch 161208",2017,70.0,U.S.A.,70.0,Blend,Peru,122500.0
670,French Broad,Guatemala,2015,73.0,U.S.A.,70.0,Blend,Guatemala,127750.0
671,French Broad,San Andres,2014,80.0,U.S.A.,60.0,Blend,Costa Rica,120000.0
672,French Broad,Matagalpa,2014,68.0,U.S.A.,65.0,Blend,Nicaragua,110500.0
673,French Broad,"Palo Blanco, Chulucanas",2013,66.0,U.S.A.,70.0,Blend,Peru,115500.0
674,French Broad,Tumbes Coop,2012,70.0,U.S.A.,50.0,Criollo,Peru,87500.0
675,French Broad,"Palo Blanco, Chulucanas",2012,61.0,U.S.A.,70.0,Blend,Peru,106750.0
676,French Broad,"Palo Blanco w/ panela, Chulucanas",2012,81.0,U.S.A.,40.0,Blend,Peru,81000.0
677,French Broad,"Maranon Canyon, Fortunato No. 4",2011,70.0,U.S.A.,70.0,Forastero (Nacional),Peru,122500.0
678,French Broad,La Red,2011,65.0,U.S.A.,70.0,Blend,Dominican Republic,113750.0
679,Fresco,"Maranon, #228, MR, SC",2014,70.0,U.S.A.,60.0,Forastero (Nacional),Peru,105000.0
680,Fresco,"Maranon, #227, LR, MC",2014,70.0,U.S.A.,70.0,Forastero (Nacional),Peru,122500.0
681,Fresco,"Maranon, #229, MR, LC",2014,70.0,U.S.A.,70.0,Forastero (Nacional),Peru,122500.0
682,Fresco,"Maranon, #230, DR, LC",2014,70.0,U.S.A.,70.0,Forastero (Nacional),Peru,122500.0
683,Fresco,"Conacado, #223, MR, SC",2013,72.0,U.S.A.,65.0,Blend,Dominican Republic,117000.0
684,Fresco,"Conacado, #224, MR, MC",2013,72.0,U.S.A.,75.0,Blend,Dominican Republic,135000.0
685,Fresco,"San Martin, Bellavista Coop, #226, DR, MC",2013,70.0,U.S.A.,75.0,Blend,Peru,131250.0
686,Fresco,"Bellavista Coop, #225, LR, MC, CG Exclusive",2013,70.0,U.S.A.,80.0,Trinitario,Peru,140000.0
687,Fresco,"Markham Valley, #219, LR, MC",2012,69.0,U.S.A.,70.0,Blend,Papua New Guinea,120750.0
688,Fresco,"Markham Valley, #221, DR, MC",2012,69.0,U.S.A.,70.0,Blend,Papua New Guinea,120750.0
689,Fresco,"Sambirano Valley, #216, MR, LC",2012,74.0,U.S.A.,80.0,Trinitario,Madagascar,148000.0
690,Fresco,"Markham Valley, #220, MR, MC",2012,69.0,U.S.A.,80.0,Trinitario,Papua New Guinea,138000.0
691,Fresco,"Markham Valley, #222, LR, 0C",2012,69.0,U.S.A.,60.0,Trinitario,Papua New Guinea,103500.0
692,Fresco,"Ghana, #211, MR, MC",2011,74.0,U.S.A.,55.0,Forastero,Ghana,101750.0
693,Fresco,"Jamaica, #209, DR, SC",2011,70.0,U.S.A.,65.0,Trinitario,Jamaica,113750.0
694,Fresco,"Conacado, #212, LR, SC",2011,72.0,U.S.A.,70.0,Blend,Dominican Republic,126000.0
695,Fresco,"Jamaica, #210, DR, MC",2011,70.0,U.S.A.,70.0,Trinitario,Jamaica,122500.0
696,Fresco,"Sambirano Valley, #214, LR, MC",2011,74.0,U.S.A.,55.0,Trinitario,Madagascar,101750.0
697,Fresco,"Conacado, #213, DR, -C",2011,72.0,U.S.A.,65.0,Blend,Dominican Republic,117000.0
698,Fresco,"Sambirano Valley, #215, MR, MC",2011,74.0,U.S.A.,60.0,Trinitario,Madagascar,111000.0
699,Fresco,"Chuao, #218, MR, MC",2011,76.0,U.S.A.,65.0,Trinitario,Venezuela,123500.0
700,Fresco,"Chuao, #217, DR, MC",2011,70.0,U.S.A.,80.0,Trinitario,Venezuela,140000.0
701,Fresco,"Jamaica, #204, DR, SC",2009,80.0,U.S.A.,55.0,Trinitario,Jamaica,110000.0
702,Fresco,"Jamaica, #206, DR, LC",2009,70.0,U.S.A.,60.0,Trinitario,Jamaica,105000.0
703,Fresco,"Jamaica, #205, DR, MC",2009,70.0,U.S.A.,65.0,Trinitario,Jamaica,113750.0
704,Fresco,"Carenero Superior, #203, MR, SC",2009,65.0,U.S.A.,70.0,Criollo,Venezuela,113750.0
705,Friis Holm,"Rugoso, Bad Fermentation",2016,70.0,Denmark,70.0,Blend,Nicaragua,122500.0
706,Friis Holm (Bonnat),La Dalia,2015,60.0,Denmark,60.0,Blend,Nicaragua,90000.0
707,Friis Holm (Bonnat),La Dalia,2015,85.0,Denmark,65.0,Blend,Nicaragua,138125.0
708,Friis Holm (Bonnat),La Dalia,2014,70.0,Denmark,70.0,Blend,Nicaragua,122500.0
709,Friis Holm (Bonnat),"Barba, Xoco",2013,70.0,Denmark,65.0,Blend,Nicaragua,113750.0
710,Friis Holm (Bonnat),"Medagla, Xoco",2013,70.0,Denmark,70.0,Blend,Nicaragua,122500.0
711,Friis Holm (Bonnat),"Chuno, triple turned, Xoco",2012,70.0,Denmark,65.0,"Criollo, Trinitario",Nicaragua,113750.0
712,Friis Holm (Bonnat),"Red Mayan, Xoco",2012,70.0,Denmark,65.0,"Criollo, Trinitario",Honduras,113750.0
713,Friis Holm (Bonnat),"Chuno, double turned, Xoco",2012,70.0,Denmark,65.0,"Criollo, Trinitario",Nicaragua,113750.0
714,Friis Holm (Bonnat),"Rugoso, Xoco",2012,70.0,Denmark,75.0,Blend,Nicaragua,131250.0
715,Friis Holm (Bonnat),"Johe, Xoco",2011,70.0,Denmark,65.0,"Criollo, Trinitario",Nicaragua,113750.0
716,Friis Holm (Bonnat),"Chuno, Xoco",2011,70.0,Denmark,70.0,"Criollo, Trinitario",Nicaragua,122500.0
717,Friis Holm (Bonnat),"Nicaliso, Xoco",2011,70.0,Denmark,70.0,"Criollo, Trinitario",Nicaragua,122500.0
718,Fruition,"Wild Bolivian, Batch 2",2016,74.0,U.S.A.,75.0,Beniano,Bolivia,138750.0
719,Fruition,"Coto Brus, Heirloom, Batch 1",2016,74.0,U.S.A.,80.0,Amazon mix,Costa Rica,148000.0
720,Fruition,Gran Couva,2014,70.0,U.S.A.,75.0,Trinitario,Trinidad,131250.0
721,Fruition,Maranon,2014,76.0,U.S.A.,60.0,Forastero (Nacional),Peru,114000.0
722,Fruition,La Red,2013,70.0,U.S.A.,75.0,Blend,Dominican Republic,131250.0
723,Fruition,Camino Verde,2013,75.0,U.S.A.,60.0,Blend,Ecuador,112500.0
724,Fruition,Peru,2012,70.0,U.S.A.,50.0,Blend,Peru,87500.0
725,Fruition,Signature Blend,2011,66.0,U.S.A.,65.0,Trinitario,Costa Rica,107250.0
726,Fruition,Costa Rica,2011,70.0,U.S.A.,60.0,Blend,Costa Rica,105000.0
727,Garden Island,"Kaua'I, Alea Estate +world",2014,85.0,U.S.A.,50.0,Blend,Hawaii,106250.0
728,Georgia Ramon,Akesson P.,2015,65.0,Germany,65.0,Trinitario,Madagascar,105625.0
729,Georgia Ramon,ABOCFA Coop,2015,70.0,Germany,80.0,Forastero,Ghana,140000.0
730,Georgia Ramon,Conacado Coop,2015,70.0,Germany,70.0,Trinitario,Domincan Republic,122500.0
731,Georgia Ramon,Conacado Coop,2015,80.0,Germany,70.0,Trinitario,Domincan Republic,140000.0
732,Georgia Ramon,Akesson P.,2015,75.0,Germany,70.0,Trinitario,Madagascar,131250.0
733,Glennmade,"Toledo District, 2015 Harvest",2016,70.0,U.S.A.,70.0,Blend,Belize,122500.0
734,Glennmade,Bahia,2015,66.0,U.S.A.,60.0,"Trinitario, Forastero",Brazil,99000.0
735,Goodnow Farms,"Almendra Blanca, batch 1004",2016,77.0,U.S.A.,55.0,Blend,Mexico,105875.0
736,Goodnow Farms,"El Carmen, batch 1003",2016,77.0,U.S.A.,65.0,Blend,Nicaragua,125125.0
737,Goodnow Farms,"Asochivite, batch 1005",2016,77.0,U.S.A.,65.0,Blend,Guatemala,125125.0
738,Grand Place,"Ben Tre, Dong Nai",2011,72.0,Vietnam,60.0,Trinitario,Vietnam,108000.0
739,Green & Black's (ICAM),Dark,2006,70.0,U.K.,50.0,Blend,Other,87500.0
740,Green Bean to Bar,Madagascar,2016,70.0,Japan,70.0,Blend,Madagascar,122500.0
741,Grenada Chocolate Co.,Grenada,2010,82.0,Grenada,65.0,Trinitario,Grenada,133250.0
742,Grenada Chocolate Co.,Grenada,2009,60.0,Grenada,55.0,Trinitario,Grenada,82500.0
743,Grenada Chocolate Co.,Grenada,2008,71.0,Grenada,50.0,Trinitario,Grenada,88750.0
744,Guido Castagna,Arriba,2009,64.0,Italy,60.0,Forastero (Arriba) ASS,Ecuador,96000.0
745,Guido Castagna,Ghana,2009,64.0,Italy,60.0,Forastero,Ghana,96000.0
746,Guido Castagna,Trinidad & Tobago,2009,64.0,Italy,60.0,Blend,"Trinidad, Tobago",96000.0
747,Guido Castagna,Lacri Blend,2009,76.0,Italy,60.0,Blend,Venezuela,114000.0
748,Guido Castagna,Blend,2009,64.0,Italy,65.0,Blend,"Ven, Trinidad, Ecuador",104000.0
749,Guittard,"Epique, Blend No. 49",2015,70.0,U.S.A.,75.0,Blend,Other,131250.0
750,Guittard,Haiti,2013,65.0,U.S.A.,55.0,Blend,Haiti,89375.0
751,Guittard,Nicaragua,2013,65.0,U.S.A.,55.0,Blend,Nicaragua,89375.0
752,Guittard,Jamaica,2013,65.0,U.S.A.,65.0,Trinitario,Jamaica,105625.0
753,Guittard,Ecuador,2013,65.0,U.S.A.,70.0,Blend,Ecuador,113750.0
754,Guittard,Coucher du Soleil,2011,72.0,U.S.A.,55.0,Blend,Other,99000.0
755,Guittard,Lever du Soleil,2011,61.0,U.S.A.,65.0,Blend,Other,99125.0
756,Guittard,Onyx,2011,72.0,U.S.A.,65.0,Blend,Other,117000.0
757,Guittard,Trinidad,2010,65.0,U.S.A.,60.0,Trinitario,Trinidad,97500.0
758,Guittard,"O'ahu, N. Shore, Waialua E., Kakoleka",2009,55.0,U.S.A.,60.0,Blend,Hawaii,82500.0
759,Guittard,Nocturne,2009,91.0,U.S.A.,60.0,Blend,Other,136500.0
760,Guittard,Complexite,2009,70.0,U.S.A.,70.0,Blend,Other,122500.0
761,Guittard,Machu Pichu,2008,65.0,U.S.A.,60.0,Blend,Peru,97500.0
762,Guittard,Special Maker Reserve,2008,64.0,U.S.A.,60.0,Blend,Other,96000.0
763,Guittard,Ocumare,2008,65.0,U.S.A.,70.0,Blend,Venezuela,113750.0
764,Guittard,Quetzalcoatl,2007,72.0,U.S.A.,70.0,Blend,Other,126000.0
765,Guittard,Chucuri,2006,65.0,U.S.A.,60.0,Trinitario,Colombia,97500.0
766,Guittard,Sur del Lago,2006,65.0,U.S.A.,50.0,"Trinitario, Criollo",Venezuela,81250.0
767,Guittard,"Sambirano, Ambanja",2006,65.0,U.S.A.,70.0,"Criollo, +",Madagascar,113750.0
768,Guittard,"Los Rios, Quevedo",2006,65.0,U.S.A.,70.0,Forastero (Arriba),Ecuador,113750.0
769,Guittard,Tsaranta,2006,61.0,U.S.A.,70.0,Blend,Other,106750.0
770,Guittard,Semisweet,2006,61.0,U.S.A.,60.0,Blend,Other,91500.0
771,Habitual,Papua New Guinea,2014,80.0,Canada,55.0,Blend,Papua New Guinea,110000.0
772,Habitual,Campesino w/ nibs,2014,74.0,Canada,55.0,Blend,Other,101750.0
773,Habitual,Dominican Republic,2014,75.0,Canada,65.0,Blend,Dominican Republic,121875.0
774,Habitual,Trinitario,2014,70.0,Canada,70.0,Trinitario,Other,122500.0
775,Habitual,Downtown London,2014,65.0,Canada,55.0,Blend,Other,89375.0
776,Habitual,Africa meets Latina,2014,70.0,Canada,60.0,Blend,Other,105000.0
777,Habitual,Amazonas,2014,80.0,Canada,60.0,Blend,Other,120000.0
778,Habitual,Sharkey,2014,66.0,Canada,65.0,Blend,Hawaii,107250.0
779,Habitual,one hundred,2014,100.0,Canada,40.0,Blend,Other,100000.0
780,Hachez,Arriba,2007,77.0,Germany,50.0,Forastero (Arriba),Ecuador,96250.0
781,Hacienda El Castillo,Don Homero- Cerecita Valley,2014,55.0,Ecuador,55.0,Trinitario,Ecuador,75625.0
782,Hacienda El Castillo,Don Homero- Cerecita Valley,2014,70.0,Ecuador,60.0,Trinitario,Ecuador,105000.0
783,Haigh,South America and Africa,2011,70.0,Australia,60.0,Blend,"South America, Africa",105000.0
784,Harper Macaw,"Vale do Juliana, w/ nibs",2016,85.0,U.S.A.,65.0,Blend,Brazil,138125.0
785,Harper Macaw,Brazil Blend,2015,67.0,U.S.A.,60.0,Blend,Brazil,100500.0
786,Harper Macaw,"Tome Acu E., Amazon Rainforest",2015,77.0,U.S.A.,70.0,Blend,Brazil,134750.0
787,Harper Macaw,"Vale do Juliana E., Atlantic Forest",2015,74.0,U.S.A.,70.0,Blend,Brazil,129500.0
788,Heilemann,Peru,2016,64.0,Germany,55.0,Blend,Peru,88000.0
789,Heirloom Cacao Preservation (Brasstown),"Maya Mtn, Moho R., Toledo D., 2015",2016,70.0,U.S.A.,65.0,Amazon,Belize,113750.0
790,Heirloom Cacao Preservation (Fruition),"Cota Brus, Terciopelo, 2015",2016,74.0,U.S.A.,70.0,Amazon mix,Costa Rica,129500.0
791,Heirloom Cacao Preservation (Guittard),"Alto Beni, Upper Rio Beni, 2014",2014,67.0,U.S.A.,70.0,"Amazon, ICS",Bolivia,117250.0
792,Heirloom Cacao Preservation (Guittard),"Wild Beni, Lower Rio Beni, Tranquilidad, 2014",2014,67.0,U.S.A.,60.0,Beniano,Bolivia,100500.0
793,Heirloom Cacao Preservation (Guittard),"Los Rios, Hacienda Limon, Orecao, 2014",2014,67.0,U.S.A.,75.0,EET,Ecuador,125625.0
794,Heirloom Cacao Preservation (Guittard),"Maunawili, O'ahu, Agri Research C., 2014",2014,67.0,U.S.A.,75.0,Blend,Hawaii,125625.0
795,Heirloom Cacao Preservation (Manoa),"Maunawili, O'ahu, Agri Research C., 2015",2016,72.0,U.S.A.,70.0,Blend,Hawaii,126000.0
796,Heirloom Cacao Preservation (Millcreek),"Los Rios, Hacienda Limon, Orecao, 2015",2016,70.0,U.S.A.,70.0,EET,Ecuador,122500.0
797,Heirloom Cacao Preservation (Mindo),"Pinchincha, Mindo, Coop Nueva Esper., 2015",2016,77.0,U.S.A.,70.0,EET,Ecuador,134750.0
798,Heirloom Cacao Preservation (Zokoko),"Alto Beni, Upper Rio Beni, 2015",2016,68.0,U.S.A.,75.0,"Amazon, ICS",Bolivia,127500.0
799,Heirloom Cacao Preservation (Zokoko),"Wild Beni, Lower Rio Beni, Tranquilidad, 2015",2016,72.0,U.S.A.,80.0,Beniano,Bolivia,144000.0
800,hello cocoa,Uganda,2015,57.0,U.S.A.,55.0,Forastero,Uganda,78375.0
801,hello cocoa,Venezuela,2015,74.0,U.S.A.,70.0,Criollo,Venezuela,129500.0
802,hexx,Tanzania,2015,70.0,U.S.A.,55.0,Blend,Tanzania,96250.0
803,hexx,Madagascar,2015,74.0,U.S.A.,60.0,Trinitario,Madagascar,111000.0
804,hexx,Venezuela,2015,70.0,U.S.A.,60.0,Blend,Venezuela,105000.0
805,hexx,Ecuador,2015,73.0,U.S.A.,65.0,Blend,Ecuador,118625.0
806,hexx,Peru,2015,70.0,U.S.A.,65.0,Blend,Peru,113750.0
807,Hogarth,Akesson's Estate,2016,70.0,New Zealand,55.0,Trinitario,Madagascar,96250.0
808,Hogarth,Carenero Superior,2016,72.0,New Zealand,55.0,Trinitario,Venezuela,99000.0
809,Hogarth,Conacado,2016,75.0,New Zealand,65.0,Trinitario,Domincan Republic,121875.0
810,Hogarth,Gran Blanco,2016,66.0,New Zealand,70.0,Criollo,Peru,115500.0
811,Hoja Verde (Tulicorp),Arriba,2009,80.0,Ecuador,40.0,Forastero (Arriba) ASS,Ecuador,80000.0
812,Hoja Verde (Tulicorp),Manabi,2009,80.0,Ecuador,50.0,Forastero (Arriba) ASS,Ecuador,100000.0
813,Hoja Verde (Tulicorp),Arriba,2009,72.0,Ecuador,60.0,Forastero (Arriba) ASS,Ecuador,108000.0
814,Hoja Verde (Tulicorp),Arriba,2009,58.0,Ecuador,65.0,Forastero (Arriba) ASS,Ecuador,94250.0
815,Hoja Verde (Tulicorp),Manabi,2009,58.0,Ecuador,70.0,Forastero (Arriba) ASS,Ecuador,101500.0
816,Holy Cacao,Maranon,2016,70.0,Israel,55.0,Blend,Peru,96250.0
817,Holy Cacao,"Camino Verde P., Balao, Guayas",2015,70.0,Israel,70.0,Blend,Ecuador,122500.0
818,Holy Cacao,Sambirano,2015,70.0,Israel,70.0,Trinitario,Madagascar,122500.0
819,Holy Cacao,Gran Couva,2015,70.0,Israel,70.0,Trinitario,Trinidad,122500.0
820,Holy Cacao,Mara,2015,70.0,Israel,70.0,Blend,Venezuela,122500.0
821,Holy Cacao,Ivory Coast,2009,70.0,Israel,50.0,Blend,Ivory Coast,87500.0
822,Holy Cacao,Hispaniola,2009,70.0,Israel,55.0,Blend,Dominican Republic,96250.0
823,Holy Cacao,San Martin,2009,70.0,Israel,70.0,Blend,Peru,122500.0
824,Holy Cacao,Hispaniola w/ nibs,2009,75.0,Israel,75.0,Blend,Dominican Republic,140625.0
825,Honest,"Ecuador, w/ nibs",2014,72.0,South Africa,50.0,Blend,Ecuador,90000.0
826,Hotel Chocolat,"Pepiniere, single Cote",2015,70.0,U.K.,55.0,Blend,St. Lucia,96250.0
827,Hotel Chocolat,"Marcial, single Cote, 2012",2013,70.0,U.K.,80.0,Trinitario,St. Lucia,140000.0
828,Hotel Chocolat,"Island Growers, 2012, 120hr c.",2013,100.0,U.K.,35.0,Trinitario,St. Lucia,87500.0
829,Hotel Chocolat (Coppeneur),Trinidad,2013,75.0,U.K.,60.0,Trinitario,Trinidad,112500.0
830,Hotel Chocolat (Coppeneur),Mekong Delta & Dong Nai,2013,80.0,U.K.,70.0,Trinitario,Vietnam,140000.0
831,Hotel Chocolat (Coppeneur),"Los Rios, H. Iara",2013,90.0,U.K.,60.0,Forastero (Nacional),Ecuador,135000.0
832,Hotel Chocolat (Coppeneur),"Somia Plantation, Akesson, 2012",2013,72.0,U.K.,60.0,Trinitario,Madagascar,108000.0
833,Hotel Chocolat (Coppeneur),"Los Rios, H. Iara, 2012",2013,82.0,U.K.,70.0,Forastero (Nacional),Ecuador,143500.0
834,Hotel Chocolat (Coppeneur),"Chanchamayo, Pichanadi, 2012, 60hr c.",2013,100.0,U.K.,55.0,Blend,Peru,137500.0
835,Hotel Chocolat (Coppeneur),"Los Rios, H. Iara, 2012, 120hr c.",2013,100.0,U.K.,50.0,Forastero (Nacional),Ecuador,125000.0
836,Hotel Chocolat (Coppeneur),"Conacado, 2012, 120hr c.",2013,100.0,U.K.,55.0,Blend,Dominican Republic,137500.0
837,Hotel Chocolat (Coppeneur),Sambirano,2012,66.0,U.K.,70.0,"Trinitario, Criollo",Madagascar,115500.0
838,Hotel Chocolat (Coppeneur),"Los Rios, H. Iara, 96hr c.",2011,80.0,U.K.,60.0,Forastero (Nacional),Ecuador,120000.0
839,Hotel Chocolat (Coppeneur),"Island Growers, 120hr c.",2011,65.0,U.K.,60.0,Trinitario,St. Lucia,97500.0
840,Hotel Chocolat (Coppeneur),"Island Growers, 96hr c.",2011,65.0,U.K.,65.0,Trinitario,St. Lucia,105625.0
841,Hotel Chocolat (Coppeneur),Ecuador,2010,70.0,U.K.,55.0,Blend,Ecuador,96250.0
842,Hotel Chocolat (Coppeneur),Santo Domingo,2010,70.0,U.K.,60.0,Blend,Dominican Republic,105000.0
843,Hotel Chocolat (Coppeneur),Chuao,2010,70.0,U.K.,55.0,Trinitario,Venezuela,96250.0
844,Hotel Chocolat (Coppeneur),St. Lucia,2008,72.0,U.K.,60.0,Blend,St. Lucia,108000.0
845,Hotel Chocolat (Coppeneur),Uganda,2008,80.0,U.K.,50.0,Forastero,Uganda,100000.0
846,Hotel Chocolat (Coppeneur),Tanzania,2008,75.0,U.K.,55.0,Blend,Tanzania,103125.0
847,Hotel Chocolat (Coppeneur),Uba Budo,2008,72.0,U.K.,60.0,Forastero,Sao Tome,108000.0
848,Hummingbird,Lam Dong,2015,70.0,Canada,70.0,Trinitario,Vietnam,122500.0
849,Hummingbird,Bolivia,2014,70.0,Canada,60.0,"Criollo, Trinitario",Bolivia,105000.0
850,Hummingbird,"Bolivia, Bo-nib-ia, w/ nibs",2014,70.0,Canada,60.0,"Criollo, Trinitario",Bolivia,105000.0
851,Hummingbird,Momotombo,2014,70.0,Canada,60.0,Trinitario,Nicaragua,105000.0
852,Hummingbird,Hispaniola,2014,70.0,Canada,75.0,Trinitario,Dominican Republic,131250.0
853,Hummingbird,Zorzal Reserva w/ Charles Kerchner,2014,70.0,Canada,70.0,Blend,Dominican Republic,122500.0
854,Hummingbird,"Ocumare, Cumboto",2013,70.0,Canada,65.0,"Trinitario, Criollo",Venezuela,113750.0
855,Hummingbird,Amazonas,2013,70.0,Canada,75.0,Forastero,Venezuela,131250.0
856,Idilio (Felchlin),"Chuao, Venezuela",2013,72.0,Switzerland,75.0,Trinitario,Venezuela,135000.0
857,Idilio (Felchlin),Coopertiva Amazona,2011,72.0,Switzerland,75.0,Criollo,Venezuela,135000.0
858,Idilio (Felchlin),"Sur del Lago, Amiari Meridena, Zulia, 48hr c.",2011,72.0,Switzerland,75.0,Blend,Venezuela,135000.0
859,Idilio (Felchlin),"Choroni, Finca Torres, 48hr c.",2011,72.0,Switzerland,65.0,Criollo,Venezuela,117000.0
860,Idilio (Felchlin),"Ocumare, H. Cata, 48hr c.",2011,72.0,Switzerland,75.0,Criollo,Venezuela,135000.0
861,Idilio (Felchlin),"Porcelana, Zulia",2011,74.0,Switzerland,80.0,Criollo,Venezuela,148000.0
862,Idilio (Felchlin),"Ocumare, H. Cata, w/ nibs",2011,72.0,Switzerland,70.0,Criollo,Venezuela,126000.0
863,Idilio (Felchlin),"Carenero Superior, Urrutia, Barlovento",2011,70.0,Switzerland,80.0,Trinitario,Venezuela,140000.0
864,Idilio (Felchlin),Coopertiva Amazona w/ nibs,2011,72.0,Switzerland,80.0,Criollo,Venezuela,144000.0
865,Idilio (Felchlin),"Sur del Lago, Amiari Meridena, Zulia, w/ nibs",2011,72.0,Switzerland,80.0,Blend,Venezuela,144000.0
866,Indah,India (south),2016,61.0,India,50.0,Blend,India,76250.0
867,Indaphoria,La Red,2012,70.0,U.S.A.,65.0,Blend,Dominican Republic,113750.0
868,Indaphoria,"Conacado, Manifesto",2012,70.0,U.S.A.,55.0,Blend,Dominican Republic,96250.0
869,Indi,Honduras,2014,77.0,U.S.A.,60.0,Blend,Honduras,115500.0
870,iQ Chocolate,"Satipo region, white label",2012,72.0,Scotland,55.0,Criollo,Peru,99000.0
871,iQ Chocolate,black label,2012,72.0,Scotland,60.0,Blend,Peru,108000.0
872,Isidro,Madagascar,2014,72.0,U.S.A.,70.0,Trinitario,Madagascar,126000.0
873,Isidro,Peru,2014,72.0,U.S.A.,45.0,Blend,Peru,81000.0
874,Isidro,Belize,2014,72.0,U.S.A.,65.0,Trinitario,Belize,117000.0
875,Isidro,Dominican Republic,2014,72.0,U.S.A.,65.0,Blend,Dominican Republic,117000.0
876,Izard,"Maya Mountain, Toledo, Batch 29",2015,70.0,U.S.A.,70.0,Trinitario,Belize,122500.0
877,Izard,"Elvesia P., Batch 32",2015,70.0,U.S.A.,55.0,Blend,Dominican Republic,96250.0
878,Jacque Torres,Trinatario Treasure,2006,71.0,U.S.A.,40.0,Trinitario,Ghana,71000.0
879,Jordis,Madagascar,2015,63.0,Czech Republic,55.0,Trinitario,Madagascar,86625.0
880,Just Good Chocolate,Belize,2014,70.0,U.S.A.,70.0,Trinitario,Belize,122500.0
881,Just Good Chocolate,Madagascar,2014,70.0,U.S.A.,70.0,Trinitario,Madagascar,122500.0
882,Just Good Chocolate,Peru,2014,70.0,U.S.A.,80.0,Blend,Peru,140000.0
883,Kah Kow,"Rizek Cacao, Cibao Valley, Domin. Rep.",2013,70.0,Domincan Republic,70.0,Blend,Dominican Republic,122500.0
884,Kah Kow,"Rizek Cacao, Domin. Rep.",2013,82.0,Domincan Republic,60.0,Blend,Dominican Republic,123000.0
885,Kah Kow,"Rizek Cacao, Domin. Rep.",2013,55.0,Domincan Republic,65.0,Blend,Dominican Republic,89375.0
886,Kah Kow,"Rizek Cacao, Domin. Rep.",2013,62.0,Domincan Republic,65.0,Blend,Dominican Republic,100750.0
887,Kakao,Peru,2012,64.0,Germany,50.0,Blend,Peru,80000.0
888,Kakao,Vanuatu,2009,65.0,Germany,75.0,Trinitario,Vanuatu,121875.0
889,Kallari (Ecuatoriana),Sisa 36hr/ W. F. blend prototype,2008,70.0,Ecuador,60.0,Blend,Ecuador,105000.0
890,Kallari (Ecuatoriana),Sisa's Secret/ original micro,2008,70.0,Ecuador,70.0,Blend,Ecuador,122500.0
891,Kallari (Ecuatoriana),Roberto,2008,75.0,Ecuador,55.0,Blend,Ecuador,103125.0
892,Kallari (Ecuatoriana),Diego/ original micro,2008,85.0,Ecuador,50.0,Blend,Ecuador,106250.0
893,Kallari (Ecuatoriana),Diego 48hr/ W.F. blend prototype,2008,85.0,Ecuador,55.0,Blend,Ecuador,116875.0
894,Kallari (Ecuatoriana),Diego 60hr/ W.F. blend prototype,2008,85.0,Ecuador,60.0,Blend,Ecuador,127500.0
895,Kallari (Ecuatoriana),Cacao Nacional W.F.,2008,75.0,Ecuador,50.0,Blend,Ecuador,93750.0
896,Kallari (Ecuatoriana),Cacao Nacional W.F.,2008,85.0,Ecuador,60.0,Blend,Ecuador,127500.0
897,Kaoka (Cemoi),Noir,2009,70.0,France,55.0,Blend,Other,96250.0
898,Kaoka (Cemoi),Ecuador,2009,80.0,France,55.0,Blend,Ecuador,110000.0
899,Kerchner,"La Red, Project Reserva, Guaconejo",2013,70.0,U.S.A.,75.0,Blend,Dominican Republic,131250.0
900,Ki' Xocolatl,Dark,2009,72.0,Mexico,40.0,Blend,Mexico,72000.0
901,Kiskadee,"La Red, Guanconjeco",2014,60.0,U.S.A.,60.0,Trinitario,Dominican Republic,90000.0
902,Kto,San Martin,2014,72.0,U.S.A.,50.0,Blend,Peru,90000.0
903,Kto,Ocumare,2014,72.0,U.S.A.,55.0,Blend,Venezuela,99000.0
904,Kto,Belize,2014,72.0,U.S.A.,60.0,Trinitario,Belize,108000.0
905,Kto,Sambirano Valley,2014,72.0,U.S.A.,65.0,Trinitario,Madagascar,117000.0
906,Kto,Belize,2014,90.0,U.S.A.,65.0,Trinitario,Belize,146250.0
907,Kto,Elvesia,2014,72.0,U.S.A.,65.0,Blend,Dominican Republic,117000.0
908,Kto,ROIG,2014,72.0,U.S.A.,65.0,Blend,Dominican Republic,117000.0
909,K'ul,"Kafupbo, Petit Bourg, De Borgnes",2016,70.0,U.S.A.,65.0,Blend,Haiti,113750.0
910,K'ul,"Maranon, Fortunato No. 4",2016,70.0,U.S.A.,55.0,Forastero (Nacional),Peru,96250.0
911,K'ul,"Los Rios, Hacienda Limon, Heirloom",2016,70.0,U.S.A.,75.0,Blend,Ecuador,131250.0
912,K'ul,"Bahia, Fazenda Camboa",2016,70.0,U.S.A.,75.0,Forastero,Brazil,131250.0
913,Kyya,Uganda,2014,72.5,U.S.A.,50.0,Forastero,Uganda,90625.0
914,Kyya,Hispaniola,2014,72.5,U.S.A.,60.0,Blend,Dominican Republic,108750.0
915,Kyya,Ecuador,2014,72.5,U.S.A.,50.0,Blend,Ecuador,90625.0
916,Kyya,Madagascar,2014,72.5,U.S.A.,60.0,Trinitario,Madagascar,108750.0
917,L.A. Burdick (Felchlin),Peru,2012,74.0,U.S.A.,65.0,Blend,Peru,120250.0
918,L.A. Burdick (Felchlin),Brazil,2012,70.0,U.S.A.,80.0,Blend,Brazil,140000.0
919,L.A. Burdick (Felchlin),Chuao,2012,68.0,U.S.A.,75.0,Trinitario,Venezuela,127500.0
920,L.A. Burdick (Felchlin),Quito,2011,74.0,U.S.A.,75.0,Blend,Ecuador,138750.0
921,L.A. Burdick (Felchlin),Grenada,2010,75.0,U.S.A.,65.0,Trinitario,Grenada,121875.0
922,L.A. Burdick (Felchlin),Dominican Republic,2010,74.0,U.S.A.,75.0,Blend,Dominican Republic,138750.0
923,L.A. Burdick (Felchlin),Venzuela,2010,71.0,U.S.A.,60.0,Blend,Venezuela,106500.0
924,L.A. Burdick (Felchlin),Madagascar,2009,64.0,U.S.A.,70.0,Trinitario,Madagascar,112000.0
925,L.A. Burdick (Felchlin),Bolivian,2009,68.0,U.S.A.,60.0,Blend,Bolivia,102000.0
926,La Chocolaterie Nanairo,"Lumas, 2015 Harvest, Batch 6, brown sugar",2016,70.0,Japan,45.0,"Trinitario, Criollo",Peru,78750.0
927,La Chocolaterie Nanairo,"Lumas, 2015 Harvest, Batch 7",2016,70.0,Japan,50.0,"Trinitario, Criollo",Peru,87500.0
928,La Chocolaterie Nanairo,"Tumbes, 2013 Harvest, Batch 8",2016,70.0,Japan,60.0,Criollo,Peru,105000.0
929,La Chocolaterie Nanairo,"Belize, 2014 Harvest, Batch 9",2016,70.0,Japan,60.0,"Trinitario, Criollo",Belize,105000.0
930,La Maison du Chocolat (Valrhona),"Cuana, 2013",2013,74.0,France,55.0,Blend,"Africa, Carribean, C. Am.",101750.0
931,La Maison du Chocolat (Valrhona),Tobago,2013,60.0,France,65.0,Blend,Tobago,97500.0
932,La Maison du Chocolat (Valrhona),"Acarigua, w/ nibs",2013,56.0,France,65.0,Blend,Ecuador,91000.0
933,La Maison du Chocolat (Valrhona),Loma Sotavento,2012,66.0,France,70.0,Blend,Dominican Republic,115500.0
934,La Maison du Chocolat (Valrhona),Grenada,2011,68.0,France,70.0,Trinitario,Grenada,119000.0
935,La Maison du Chocolat (Valrhona),Akosombo,2009,68.0,France,65.0,Forastero,Ghana,110500.0
936,La Maison du Chocolat (Valrhona),"Porcelana, Pariguan",2009,69.0,France,70.0,Criollo (Porcelana),Venezuela,120750.0
937,La Maison du Chocolat (Valrhona),Kuruba,2009,60.0,France,60.0,Blend,Other,90000.0
938,La Maison du Chocolat (Valrhona),Orinoco,2009,60.0,France,75.0,Blend,Other,112500.0
939,La Maison du Chocolat (Valrhona),"Cuana, 2008",2008,74.0,France,70.0,Blend,"Ven., Indonesia, Ecuad.",129500.0
940,La Oroquidea,Peruvian Amazon,2011,72.0,Peru,50.0,Blend,Peru,90000.0
941,La Pepa de Oro,Vinces,2011,60.0,Ecuador,65.0,Blend,Ecuador,97500.0
942,Laia aka Chat-Noir,"Madagascar, Batch 59/100",2015,75.0,France,55.0,Trinitario,Madagascar,103125.0
943,Laia aka Chat-Noir,"Vietnam, Batch 50/100",2015,75.0,France,55.0,Trinitario,Vietnam,103125.0
944,Laia aka Chat-Noir,"Cuba, Batch 59/100",2015,75.0,France,60.0,Blend,Cuba,112500.0
945,Laia aka Chat-Noir,"Peru, Batch 51/100",2015,75.0,France,65.0,Blend,Peru,121875.0
946,Laia aka Chat-Noir,"Ivory Coast, Batch 56/100",2015,75.0,France,60.0,Blend,Ivory Coast,112500.0
947,Laia aka Chat-Noir,"Sao Tome, Batch 151",2015,75.0,France,70.0,Forastero,Sao Tome,131250.0
948,Laia aka Chat-Noir,"Bahia, Batch 148",2015,75.0,France,65.0,Blend,Brazil,121875.0
949,Laia aka Chat-Noir,"Lam Dong, Batch 153",2015,75.0,France,75.0,Trinitario,Vietnam,140625.0
950,Laia aka Chat-Noir,Cuba,2014,70.0,France,55.0,Blend,Cuba,96250.0
951,Laia aka Chat-Noir,Trinidad-Tobago,2014,68.0,France,55.0,Blend,Trinidad-Tobago,93500.0
952,Lajedo do Ouro,Catongo,2012,70.0,Brazil,70.0,Forastero (Catongo),Brazil,122500.0
953,Lake Champlain (Callebaut),Tanzania,2009,75.0,U.S.A.,50.0,Blend,Tanzania,93750.0
954,L'Amourette,Rugoso,2016,80.0,U.S.A.,70.0,Trinitario,Nicaragua,140000.0
955,L'Amourette,Carenero Superior,2012,75.0,U.S.A.,60.0,Trinitario,Venezuela,112500.0
956,L'Amourette,Rio Caribe,2012,75.0,U.S.A.,60.0,Trinitario,Venezuela,112500.0
957,L'Amourette,Blend,2012,72.0,U.S.A.,60.0,Criollo,"Peru, Ecuador, Venezuela",108000.0
958,Letterpress,"La Masica, Batch 7, FHIA",2017,70.0,U.S.A.,70.0,Blend,Honduras,122500.0
959,Letterpress,"Maya Mtn, Batch 18, Heirloom",2017,70.0,U.S.A.,65.0,Blend,Belize,113750.0
960,Letterpress,Liberia,2016,70.0,U.S.A.,65.0,Blend,Liberia,113750.0
961,Letterpress,Beniamo,2015,70.0,U.S.A.,65.0,Blend,Bolivia,113750.0
962,Letterpress,"San Juan Estate, Gran Couva",2015,70.0,U.S.A.,70.0,Trinitario,Trinidad,122500.0
963,Letterpress,San Andres,2015,70.0,U.S.A.,60.0,Blend,Costa Rica,105000.0
964,Letterpress,"La Red, Guaconejo",2015,70.0,U.S.A.,65.0,Blend,Domincan Republic,113750.0
965,Letterpress,Kokoa Kamili,2015,70.0,U.S.A.,70.0,Blend,Tanzania,122500.0
966,Letterpress,Maranura,2014,70.0,U.S.A.,70.0,Forastero (Nacional),Peru,122500.0
967,Levy,Sambirano,2014,71.0,Finland,70.0,Criollo,Madagascar,124250.0
968,Lilla,Madagascar,2016,70.0,Finland,60.0,Trinitario,Madagascar,105000.0
969,Lillie Belle,Perfect Illusion,2012,65.0,U.S.A.,70.0,Criollo,Peru,113750.0
970,Lillie Belle,"Bolivia, Wild Thing",2012,68.0,U.S.A.,70.0,Criollo,Bolivia,119000.0
971,Lillie Belle,La Selva,2012,68.0,U.S.A.,75.0,Blend,Peru,127500.0
972,Lillie Belle,Purple Haze,2012,75.0,U.S.A.,55.0,Blend,"Venezuela, Dom. Rep.",103125.0
973,Lillie Belle,"The Other One, Grand Cru",2012,74.0,U.S.A.,60.0,Blend,Dominican Republic,111000.0
974,Lillie Belle,Wild Thing,2012,68.0,U.S.A.,70.0,Criollo,Bolivia,119000.0
975,Lindt & Sprungli,Excellence (US Version),2007,85.0,Switzerland,60.0,Blend,Other,127500.0
976,Loiza,Puerto Rico,2013,65.0,Puerto Rico,50.0,Blend,Puerto Rico,81250.0
977,Lonohana,"Haleiwa, O'ahu; Lonohana E., Kanahiku",2014,70.0,U.S.A.,75.0,Blend,Hawaii,131250.0
978,Lonohana,"Haleiwa E, O'ahu, 2014",2014,65.0,U.S.A.,65.0,Blend,Hawaii,105625.0
979,Lonohana,"Haleiwa E, O'ahu, 2014",2014,75.0,U.S.A.,75.0,Blend,Hawaii,140625.0
980,Lonohana,"Opaeula Estate, O'ahu, Nene, CG Exclusive",2013,71.0,U.S.A.,60.0,Blend,Hawaii,106500.0
981,Lonohana,"Opaeula Estate, O'ahu, Ele'ele",2013,72.0,U.S.A.,60.0,Blend,Hawaii,108000.0
982,Lonohana,"Hawaiian Crown, Kona Vanilla",2013,70.0,U.S.A.,70.0,Blend,Hawaii,122500.0
983,Love Bar,Nicaragua,2015,75.0,U.S.A.,40.0,Blend,Nicaragua,75000.0
984,Luker,Selva,2010,46.0,Colombia,55.0,Blend,"Colombia, Ecuador",63250.0
985,Luker,Macondo,2010,60.0,Colombia,60.0,Blend,"Colombia, Ecuador",90000.0
986,Luker,Misterio,2010,58.0,Colombia,60.0,Blend,"Colombia, Ecuador",87000.0
987,Luker,Santander,2010,65.0,Colombia,70.0,Blend,Colombia,113750.0
988,Machu Picchu Trading Co.,Peru,2011,70.0,Peru,30.0,Blend,Peru,52500.0
989,Machu Picchu Trading Co.,Peru,2010,55.0,Peru,45.0,Blend,Peru,61875.0
990,Madecasse (Cinagra),Madagascar,2008,67.0,Madagascar,70.0,Trinitario,Madagascar,117250.0
991,Madecasse (Cinagra),Madagascar,2008,70.0,Madagascar,75.0,Trinitario,Madagascar,131250.0
992,Madecasse (Cinagra),Madagascar,2008,63.0,Madagascar,80.0,Trinitario,Madagascar,126000.0
993,Madecasse (Cinagra),Madagascar,2008,75.0,Madagascar,70.0,Trinitario,Madagascar,131250.0
994,Madre,Guadalcanal,2017,73.0,U.S.A.,70.0,Blend,Solomon Islands,127750.0
995,Madre,Puerto Rico,2013,70.0,U.S.A.,55.0,Blend,Puerto Rico,96250.0
996,Madre,Brazil,2013,70.0,U.S.A.,70.0,Blend,Brazil,122500.0
997,Madre,"Choobua, Kona",2013,70.0,U.S.A.,55.0,Blend,Hawaii,96250.0
998,Madre,"Xocunusco, Chiapas, Pichucalco",2013,70.0,U.S.A.,55.0,Blend,Mexico,96250.0
999,Madre,"Hamakua Coast, Kokoleka",2012,70.0,U.S.A.,65.0,Blend,Hawaii,113750.0
1000,Madre,"Criollo, Hawaii",2012,70.0,U.S.A.,65.0,Criollo,Hawaii,113750.0
1001,Madre,Kaua'i,2012,70.0,U.S.A.,70.0,Blend,Hawaii,122500.0
1002,Madre,Dominican,2011,70.0,U.S.A.,50.0,Blend,Dominican Republic,87500.0
1003,Madre,Upala,2011,70.0,U.S.A.,55.0,Blend,Costa Rica,96250.0
1004,Madre,"Chiapas, Triple Cacao",2010,72.0,U.S.A.,55.0,Blend,Mexico,99000.0
1005,Maglio,Africa,2008,75.0,Italy,40.0,Blend,Tanzania,75000.0
1006,Maglio,Ecuador,2008,70.0,Italy,60.0,Forastero (Nacional),Ecuador,105000.0
1007,Maglio,Cuba,2008,70.0,Italy,65.0,Criollo,Cuba,113750.0
1008,Maglio,Santo Domingo,2008,70.0,Italy,75.0,"Blend-Forastero,Criollo",Dominican Republic,131250.0
1009,Majani,Ecuador,2010,70.0,Italy,40.0,Blend,Ecuador,70000.0
1010,Malagasy (Chocolaterie Robert),Sambirano 2006,2007,75.0,Madagascar,55.0,Trinitario,Madagascar,103125.0
1011,Malagasy (Chocolaterie Robert),Mora Mora 2006,2007,73.0,Madagascar,70.0,Trinitario,Madagascar,127750.0
1012,Malagos,"Davao, Mt. Talamo foothills",2013,65.0,Philippines,70.0,Trinitario,Philippines,113750.0
1013,Malie Kai (Guittard),"O'ahu, N. Shore, Waialua Estate w/ nibs",2010,55.0,U.S.A.,70.0,Blend,Hawaii,96250.0
1014,Malie Kai (Guittard),"O'ahu, N. Shore, Waialua Estate",2009,55.0,U.S.A.,55.0,Blend,Hawaii,75625.0
1015,Malmo,Chuao,2016,70.0,Sweden,60.0,Blend,Venezuela,105000.0
1016,Mana,Ecuador,2015,74.0,U.S.A.,50.0,Blend,Ecuador,92500.0
1017,Mana,Peru,2014,74.0,U.S.A.,50.0,Blend,Peru,92500.0
1018,Mana,Venezuela,2014,74.0,U.S.A.,55.0,Blend,Venezuela,101750.0
1019,Mana,Conacado,2012,74.0,U.S.A.,75.0,Blend,Dominican Republic,138750.0
1020,Manifesto Cacao,Colombia,2014,70.0,Colombia,55.0,Blend,Colombia,96250.0
1021,Manoa,Markham Valley,2015,72.0,U.S.A.,70.0,Blend,Papua New Guinea,126000.0
1022,Manoa,Coto Brus,2015,72.0,U.S.A.,75.0,Blend,Costa Rica,135000.0
1023,Manoa,"Waiahole, O'ahu",2013,72.0,U.S.A.,75.0,Blend,Hawaii,135000.0
1024,Manoa,"Liberia, #174",2012,72.0,U.S.A.,65.0,Blend,Liberia,117000.0
1025,Manoa,"Hamakua, Hawaiian Crown, #176",2012,72.0,U.S.A.,55.0,Blend,Hawaii,99000.0
1026,Manoa,Piura,2012,72.0,U.S.A.,60.0,Blend,Peru,108000.0
1027,Manoa,"Oahu, Winward, #151, Maunawili district",2012,72.0,U.S.A.,65.0,Blend,Hawaii,117000.0
1028,Manufaktura Czekolady,Johe,2016,70.0,Poland,75.0,Blend,Nicaragua,131250.0
1029,Manufaktura Czekolady,Peru,2016,70.0,Poland,70.0,Blend,Peru,122500.0
1030,Manufaktura Czekolady,Porcelana,2014,70.0,Poland,75.0,Criollo,Venezuela,131250.0
1031,Manufaktura Czekolady,Kolumbia,2014,85.0,Poland,70.0,Blend,Colombia,148750.0
1032,Manufaktura Czekolady,Grand Cru Dominican Republic,2012,70.0,Poland,65.0,Blend,Dominican Republic,113750.0
1033,Manufaktura Czekolady,Grand Cru Ghana,2012,70.0,Poland,70.0,Forastero,Ghana,122500.0
1034,Manufaktura Czekolady,Grand Cru Ecuador,2012,70.0,Poland,65.0,Blend,Ecuador,113750.0
1035,Map Chocolate,"Ben Tre, Surprise Valley",2016,75.0,U.S.A.,65.0,Trinitario,Vietnam,121875.0
1036,Map Chocolate,"ROIG, 2014",2015,70.0,U.S.A.,70.0,"Criollo, Trinitario",Dominican Republic,122500.0
1037,Map Chocolate,"Maranon, 2014",2015,62.0,U.S.A.,70.0,Forastero (Nacional),Peru,108500.0
1038,Map Chocolate,Ecuador,2015,70.0,U.S.A.,70.0,Trinitario,Ecuador,122500.0
1039,Map Chocolate,"San Juan Estate, Cherry Blossoms at Night",2015,70.0,U.S.A.,55.0,Trinitario,Trinidad,96250.0
1040,Map Chocolate,"A case of the Xerces Blues, triple roast",2015,70.0,U.S.A.,70.0,Blend,Nicaragua,122500.0
1041,Map Chocolate,"Tumbes, Dear Mr. Finley, 2014",2015,68.0,U.S.A.,70.0,Criollo,Peru,119000.0
1042,Map Chocolate,Colombia,2015,75.0,U.S.A.,55.0,Blend,Colombia,103125.0
1043,Map Chocolate,"Kakoa Kamili, Both Man & Bird & Beast",2015,72.0,U.S.A.,60.0,Blend,Tanzania,108000.0
1044,Map Chocolate,Le Chocolat Chaud,2015,78.0,U.S.A.,70.0,Blend,Honduras,136500.0
1045,Marana,Piura,2016,70.0,Peru,60.0,Blend,Peru,105000.0
1046,Marana,Cusco,2016,70.0,Peru,55.0,Blend,Peru,96250.0
1047,Marana,San Martin,2016,70.0,Peru,60.0,Blend,Peru,105000.0
1048,Marigold's Finest,Cacao Nib Crunch,2016,75.0,Canada,65.0,Blend,Other,121875.0
1049,Marou,"Tan Phu Dong Island, Heart of Darkness",2015,85.0,Vietnam,65.0,Trinitario,Vietnam,138125.0
1050,Marou,Ben Tre,2015,68.0,Vietnam,70.0,Trinitario,Vietnam,119000.0
1051,Marou,"Dak Lak, Batch 2451",2015,70.0,Vietnam,75.0,Trinitario,Vietnam,131250.0
1052,Marou,"Tan Phu Dong, Treasure Island",2013,75.0,Vietnam,70.0,Trinitario,Vietnam,131250.0
1053,Marou,Ba Ria,2012,76.0,Vietnam,70.0,Trinitario,Vietnam,133000.0
1054,Marou,Dong Nai,2012,72.0,Vietnam,70.0,Trinitario,Vietnam,126000.0
1055,Marou,"Tien Giang, Gao Co-op",2012,70.0,Vietnam,70.0,Trinitario,Vietnam,122500.0
1056,Marou,Ben Tre,2012,78.0,Vietnam,70.0,Trinitario,Vietnam,136500.0
1057,Marou,Tien Giang,2012,80.0,Vietnam,60.0,Trinitario,Vietnam,120000.0
1058,Marou,Lam Dong,2012,74.0,Vietnam,70.0,Trinitario,Vietnam,129500.0
1059,Mars,"Matina 1-6, prototype",2010,65.0,U.S.A.,60.0,Blend,Costa Rica,97500.0
1060,Mars,Ivory Coast,2010,65.0,U.S.A.,60.0,Blend,Ivory Coast,97500.0
1061,Mars,Nigeria,2010,65.0,U.S.A.,65.0,Blend,Nigeria,105625.0
1062,Mars,"Ghana, prototype",2010,65.0,U.S.A.,70.0,Forastero,Ghana,113750.0
1063,Marsatta,Dominican Republic,2013,74.0,U.S.A.,45.0,Blend,Dominican Republic,83250.0
1064,Marsatta,Dominican Republic,2013,89.0,U.S.A.,50.0,Blend,Dominican Republic,111250.0
1065,Martin Mayer,Alto Beni,2016,76.0,Austria,55.0,Blend,Bolivia,104500.0
1066,Martin Mayer,Pisa,2016,82.0,Austria,60.0,Blend,Haiti,123000.0
1067,Martin Mayer,Tumaco,2016,74.0,Austria,65.0,Blend,Colombia,120250.0
1068,Mast Brothers,Guatemala,2015,76.0,U.S.A.,60.0,Blend,Guatemala,114000.0
1069,Mast Brothers,Tanzania,2015,74.0,U.S.A.,65.0,Blend,Tanzania,120250.0
1070,Mast Brothers,French Laundry 20th Anniversary,2014,75.0,U.S.A.,75.0,Blend,"Peru, Belize",140625.0
1071,Mast Brothers,Shake Shack,2012,73.0,U.S.A.,70.0,Blend,"Peru, Mad., Dom. Rep.",127750.0
1072,Mast Brothers,Madagascar,2012,72.0,U.S.A.,50.0,Trinitario,,90000.0
1073,Mast Brothers,Chuao,2012,73.0,U.S.A.,55.0,Trinitario,Venezuela,100375.0
1074,Mast Brothers,Brooklyn Blend,2011,72.0,U.S.A.,70.0,Blend,Other,126000.0
1075,Mast Brothers,"Chuao, Med. Roast",2011,76.0,U.S.A.,60.0,Trinitario,Venezuela,114000.0
1076,Mast Brothers,"Chuao, Dark Roast",2011,70.0,U.S.A.,60.0,Trinitario,Venezuela,105000.0
1077,Mast Brothers,"Chuao, Light Roast",2011,81.0,U.S.A.,55.0,Trinitario,Venezuela,111375.0
1078,Mast Brothers,Moho River,2011,70.0,U.S.A.,70.0,Trinitario,Belize,122500.0
1079,Mast Brothers,Papua New Guinea,2011,71.0,U.S.A.,55.0,Blend,Papua New Guinea,97625.0
1080,Mast Brothers,San Martin,2011,75.0,U.S.A.,60.0,Blend,Peru,112500.0
1081,Mast Brothers,Conacado,2011,73.0,U.S.A.,65.0,Blend,Dominican Republic,118625.0
1082,Mast Brothers,"La Red de Guanconejo, N. Highlands coop",2011,74.0,U.S.A.,75.0,Blend,Dominican Republic,138750.0
1083,Mast Brothers,Patanemo,2010,81.0,U.S.A.,55.0,Criollo,Venezuela,111375.0
1084,Mast Brothers,Ocumare de la Costa,2010,75.0,U.S.A.,60.0,Blend,Venezuela,112500.0
1085,Mast Brothers,"Dominican Republic, Coop",2010,70.0,U.S.A.,65.0,Blend,Dominican Republic,113750.0
1086,Matale,"Malekula P., 2013",2013,72.0,Australia,70.0,Trinitario,Vanuatu,126000.0
1087,Matale,"Somia, 2013",2013,68.0,Australia,80.0,Trinitario,Madagascar,136000.0
1088,Matale,"Kulili P., 2013",2013,74.0,Australia,80.0,Trinitario,Papua New Guinea,148000.0
1089,Matale,Blend,2013,70.0,Australia,75.0,Trinitario,"PNG, Vanuatu, Mad",131250.0
1090,Maverick,Maya Mountain,2014,70.0,U.S.A.,65.0,Trinitario,Belize,113750.0
1091,Maverick,Elvesia,2014,70.0,U.S.A.,65.0,Blend,Dominican Republic,113750.0
1092,Maverick,Tumbes,2014,82.0,U.S.A.,65.0,Criollo,Peru,133250.0
1093,Maverick,"Morropon, Norandiono Coop, Piura",2014,63.0,U.S.A.,70.0,Criollo,Peru,110250.0
1094,Mayacama,Hispaniola,2016,72.0,U.S.A.,60.0,Blend,Domincan Republic,108000.0
1095,Meadowlands,Bolivia,2014,70.0,U.S.A.,50.0,Blend,Bolivia,87500.0
1096,Meadowlands,Venezuela,2014,70.0,U.S.A.,55.0,Blend,Venezuela,96250.0
1097,Meadowlands,Belize,2014,70.0,U.S.A.,60.0,Trinitario,Belize,105000.0
1098,Meadowlands,"Nicaragua, w/ inbs",2014,70.0,U.S.A.,60.0,Blend,Nicaragua,105000.0
1099,Meadowlands,Dominican Republic,2014,70.0,U.S.A.,70.0,Blend,Dominican Republic,122500.0
1100,Menakao (aka Cinagra),Madagascar,2012,80.0,Madagascar,50.0,Trinitario,Madagascar,100000.0
1101,Menakao (aka Cinagra),Madagascar,2012,72.0,Madagascar,50.0,Trinitario,Madagascar,90000.0
1102,Mesocacao,El Salvador,2015,80.0,Honduras,55.0,Blend,El Salvador,110000.0
1103,Mesocacao,El Salvador,2015,70.0,Honduras,60.0,Blend,El Salvador,105000.0
1104,Mesocacao,Honduras,2014,80.0,Honduras,65.0,Blend,Honduras,130000.0
1105,Mesocacao,Honduras,2014,70.0,Honduras,70.0,Blend,Honduras,122500.0
1106,Mesocacao,"La Tronca, Matagalpa",2014,70.0,Honduras,65.0,Blend,Nicaragua,113750.0
1107,Mesocacao,"La Tronca, Matagalpa",2014,80.0,Honduras,70.0,Blend,Nicaragua,140000.0
1108,Metiisto,"Fazenda Sempre Firme P., Bahia",2014,70.0,Sweden,60.0,Blend,Brazil,105000.0
1109,Metiisto,Akesson Estate,2014,72.0,Sweden,70.0,Trinitario,Madagascar,126000.0
1110,Metropolitan,South America,2015,70.0,Amsterdam,70.0,Trinitario,South America,122500.0
1111,Michel Cluizel,"Chiapas, Mokaya P.",2012,66.0,France,75.0,Blend,Mexico,123750.0
1112,Michel Cluizel,"Carenero Superior, Concepcion",2007,66.0,France,70.0,Trinitario,Venezuela,115500.0
1113,Michel Cluizel,Vila Gracinda,2007,67.0,France,70.0,Forastero,Sao Tome,117250.0
1114,Michel Cluizel,Carre Amer,2006,60.0,France,40.0,Blend,Other,60000.0
1115,Michel Cluizel,Carre Grand Noir,2006,85.0,France,40.0,Blend,Other,85000.0
1116,Michel Cluizel,Tamarina,2006,70.0,France,60.0,Forastero,Sao Tome,105000.0
1117,Michel Cluizel,Los Ancones P.,2006,67.0,France,80.0,Blend,Dominican Republic,134000.0
1118,Michel Cluizel,Mangaro P.,2006,65.0,France,80.0,Trinitario,Madagascar,130000.0
1119,Michel Cluizel,Maralumi P.,2006,64.0,France,80.0,Blend,Papua New Guinea,128000.0
1120,Michel Cluizel,Noir Infini,2006,99.0,France,40.0,Blend,Other,99000.0
1121,Middlebury,Maya Mountain,2015,80.0,U.S.A.,70.0,Trinitario,Belize,140000.0
1122,Middlebury,San Juan Estate,2015,70.0,U.S.A.,70.0,Trinitario,Trinidad,122500.0
1123,Middlebury,Oko Caribe,2015,75.0,U.S.A.,75.0,Blend,Dominican Republic,140625.0
1124,Middlebury,"Patanemo, Epoch, Donaldo",2015,75.0,U.S.A.,75.0,Blend,Venezuela,140625.0
1125,Middlebury,Kokoa Kamili,2015,75.0,U.S.A.,65.0,Blend,Tanzania,121875.0
1126,Middlebury,"Matagalpa, Cacao Bisiesto",2015,70.0,U.S.A.,70.0,Blend,Nicaragua,122500.0
1127,Middlebury,La Red,2013,75.0,U.S.A.,50.0,Blend,Dominican Republic,93750.0
1128,Middlebury,Belize,2013,80.0,U.S.A.,65.0,Trinitario,Belize,130000.0
1129,Middlebury,Houseblend,2012,65.0,U.S.A.,30.0,Blend,Other,48750.0
1130,Middlebury,Alto Beni,2012,75.0,U.S.A.,40.0,Criollo,Bolivia,75000.0
1131,Middlebury,"Balinese, Java",2012,70.0,U.S.A.,50.0,Criollo,Indonesia,87500.0
1132,Millcreek Cacao Roasters,Ecuador,2013,70.0,U.S.A.,50.0,Forastero (Nacional),Ecuador,87500.0
1133,Millcreek Cacao Roasters,Ecuador,2012,70.0,U.S.A.,70.0,Blend,Ecuador,122500.0
1134,Mindo,Ecuador,2010,67.0,U.S.A.,55.0,Blend,Ecuador,92125.0
1135,Mindo,Ecuador,2010,77.0,U.S.A.,55.0,Blend,Ecuador,105875.0
1136,Minimal,"Acul-du-Nord, 2015",2016,70.0,Japan,70.0,"Criollo, Trinitario",Haiti,122500.0
1137,Mission,"Fazenda Camboa, Bahia",2016,75.0,Brazil,75.0,Blend,Brazil,140625.0
1138,Mission,"Bahia, Fazenda Venturosa",2015,70.0,Brazil,70.0,Forastero (Parazinho),Brazil,122500.0
1139,Mita,Tumaco,2012,65.0,Colombia,50.0,Blend,Colombia,81250.0
1140,Moho,"Toledo District, w/ nibs",2013,73.0,U.S.A.,65.0,Trinitario,Belize,118625.0
1141,Moho,Toledo District,2013,72.0,U.S.A.,60.0,Trinitario,Belize,108000.0
1142,Moho,"Umoho R., Toledo District, San Felipe",2010,67.0,U.S.A.,55.0,Trinitario,Belize,92125.0
1143,Molucca,La Red,2015,70.0,U.S.A.,60.0,Blend,Domincan Republic,105000.0
1144,Molucca,Indonesia,2015,70.0,U.S.A.,55.0,Blend,Indonesia,96250.0
1145,Molucca,Peru,2015,70.0,U.S.A.,65.0,Blend,Peru,113750.0
1146,Momotombo,Matagalpa,2011,70.0,Nicaragua,55.0,Blend,Nicaragua,96250.0
1147,Momotombo,Mombacho,2011,70.0,Nicaragua,55.0,Blend,Nicaragua,96250.0
1148,Momotombo,Oscuro,2011,70.0,Nicaragua,65.0,Blend,Nicaragua,113750.0
1149,Monarque,Oko Caribe,2016,72.0,Canada,70.0,Blend,Dominican Republic,126000.0
1150,Monsieur Truffe,Papaua New Guinea,2014,70.0,Australia,65.0,Blend,Papua New Guinea,113750.0
1151,Montecristi,Manabi,2015,70.0,Ecuador,65.0,Blend,Ecuador,113750.0
1152,Montecristi,Manabi,2015,63.0,Ecuador,70.0,Blend,Ecuador,110250.0
1153,Montecristi,Manabi,2015,85.0,Ecuador,70.0,Blend,Ecuador,148750.0
1154,Muchomas (Mesocacao),Nicaragua,2015,70.0,U.S.A.,70.0,Blend,Nicaragua,122500.0
1155,Muchomas (Mesocacao),Nicaragua,2015,80.0,U.S.A.,70.0,Blend,Nicaragua,140000.0
1156,Mutari,"Kokoa Kamili, batch 1 SRB",2016,68.0,U.S.A.,55.0,Blend,Tanzania,93500.0
1157,Mutari,"Oko Caribe, batch 1 SRB",2016,71.0,U.S.A.,55.0,Blend,Domincan Republic,97625.0
1158,Mutari,"Ambanja, batch 1 SRB",2016,68.0,U.S.A.,55.0,Blend,Madagascar,93500.0
1159,Mutari,"Tien Giang, batch 1 SRB",2016,80.0,U.S.A.,60.0,Trinitario,Vietnam,120000.0
1160,Nahua,"Costa Rica, Oscuro",2013,58.0,Costa Rica,50.0,Blend,Costa Rica,72500.0
1161,Nahua,"Costa Rica, Oscuro",2013,70.0,Costa Rica,60.0,Blend,Costa Rica,105000.0
1162,Naive,Trinidad & Tobago,2013,70.0,Lithuania,75.0,Blend,"Trinidad, Tobago",131250.0
1163,Naive,"Maranon Canyon, Fortunato No. 4",2013,78.0,Lithuania,75.0,Forastero (Nacional),Peru,146250.0
1164,Naive,Grenada,2012,71.0,Lithuania,50.0,Trinitario,Grenada,88750.0
1165,Na�ve,Nicaragua,2014,70.0,Lithuania,65.0,Criollo,Nicaragua,113750.0
1166,Na�ve,Chuao,2014,75.0,Lithuania,55.0,Trinitario,Venezuela,103125.0
1167,Na�ve,Barinas,2014,70.0,Lithuania,60.0,Blend,Venezuela,105000.0
1168,Nanea,Criollo Blend,2013,85.0,U.S.A.,70.0,Blend,Hawaii,148750.0
1169,Nathan Miller,Peru,2014,72.0,U.S.A.,45.0,Blend,Peru,81000.0
1170,Nathan Miller,Hispaniola,2014,70.0,U.S.A.,50.0,Blend,Dominican Republic,87500.0
1171,Nathan Miller,Madagascar,2014,73.5,U.S.A.,50.0,Trinitario,Madagascar,91875.0
1172,Nathan Miller,Ghana,2014,70.0,U.S.A.,70.0,Forastero,Ghana,122500.0
1173,Neuhaus (Callebaut),Papua New Guinea,2010,70.0,Belgium,50.0,Criollo,Papua New Guinea,87500.0
1174,Neuhaus (Callebaut),Manickchand Estate,2008,67.0,Belgium,75.0,Trinitario,Trinidad,125625.0
1175,Neuhaus (Callebaut),Dark,2007,73.0,Belgium,20.0,Blend,Other,36500.0
1176,Neuhaus (Callebaut),West Africa,2006,73.0,Belgium,40.0,Forastero,West Africa,73000.0
1177,Neuhaus (Callebaut),Sao Tome,2006,75.0,Belgium,55.0,Forastero,Sao Tome,103125.0
1178,Neuhaus (Callebaut),Ocumare,2006,71.0,Belgium,60.0,Criollo,Venezuela,106500.0
1179,Nibble,Patanemo,2015,72.0,U.S.A.,45.0,Criollo,Venezuela,81000.0
1180,Nibble,Elvesia P.,2015,72.0,U.S.A.,55.0,Trinitario,Dominican Republic,99000.0
1181,Nibble,"Ambanja, Sambirano Valley",2015,72.0,U.S.A.,60.0,Trinitario,Madagascar,108000.0
1182,Nibble,Tumbes,2015,72.0,U.S.A.,60.0,Criollo,Peru,108000.0
1183,Night Owl,Peru,2013,75.0,U.S.A.,55.0,Blend,Peru,103125.0
1184,Night Owl,Ecuador,2013,75.0,U.S.A.,70.0,Blend,Ecuador,131250.0
1185,Noble Bean aka Jerjobo,Ghana,2014,75.0,U.S.A.,60.0,Forastero,Ghana,112500.0
1186,Noble Bean aka Jerjobo,Moho Valley,2014,75.0,U.S.A.,60.0,Trinitario,Belize,112500.0
1187,Noble Bean aka Jerjobo,Maranon Canyon,2014,75.0,U.S.A.,65.0,Forastero (Nacional),Peru,121875.0
1188,Noir d' Ebine,Venezuela,2012,70.0,U.S.A.,60.0,Blend,Venezuela,105000.0
1189,Noir d' Ebine,Ecuador,2012,70.0,U.S.A.,60.0,Blend,Ecuador,105000.0
1190,Nova Monda,"La Patriota, cacao Indio, purple label",2012,70.0,Nicaragua,60.0,Blend,Nicaragua,105000.0
1191,Nova Monda,"La Dalia, Matagalpa,cacao Bisesto,green label",2012,75.0,Niacragua,55.0,Blend,Nicaragua,103125.0
1192,Nova Monda,"Punta Galera, cacao Nacional, gold label",2012,80.0,Nicaragua,65.0,Forastero (Nacional),Ecuador,130000.0
1193,Nuance,"Ghana, 2013",2015,70.0,U.S.A.,75.0,Forastero,Ghana,131250.0
1194,Nuance,"Ecuador, 2013",2015,70.0,U.S.A.,55.0,Trinitario,Ecuador,96250.0
1195,Nuance,"Canoabo, 2013",2015,70.0,U.S.A.,60.0,Criollo,Venezuela,105000.0
1196,Nuance,"Sambirano Valley, 2012",2015,70.0,U.S.A.,70.0,Trinitario,Madagascar,122500.0
1197,Nuance,La Red,2015,70.0,U.S.A.,75.0,Blend,Dominican Republic,131250.0
1198,Nugali,Fazenda Leolinda,2016,70.0,Brazil,70.0,Trinitario (Scavina),Brazil,122500.0
1199,Oakland Chocolate Co.,Jamaica,2010,70.0,U.S.A.,50.0,Trinitario,Jamaica,87500.0
1200,Obolo,Pangoa,2015,70.0,Chile,75.0,Criollo,Peru,131250.0
1201,Obolo,"Pangoa, w/ nibs",2015,70.0,Chile,75.0,Criollo,Peru,131250.0
1202,Ocelot,Virunga,2015,70.0,Scotland,75.0,Forastero,Congo,131250.0
1203,Ocelot,Piura,2015,75.0,Scotland,80.0,Criollo,Peru,150000.0
1204,Ocho,Sang Yum Coop,2016,100.0,New Zealand,55.0,Blend,Samoa,137500.0
1205,Ocho,Sang Yum Coop,2016,70.0,New Zealand,70.0,Blend,Samoa,122500.0
1206,Ocho,"PNG, Devotion",2014,66.0,New Zealand,55.0,Blend,Papua New Guinea,90750.0
1207,Ocho,"PNG, Revolution",2014,70.0,New Zealand,60.0,Blend,Papua New Guinea,105000.0
1208,Ocho,"PNG, Voodoo",2014,88.0,New Zealand,65.0,Blend,Papua New Guinea,143000.0
1209,Ocho,"PNG, Nib Bar",2014,74.0,New Zealand,70.0,Blend,Papua New Guinea,129500.0
1210,Ohiyo,"San Juan Estate, Gran Couva",2015,70.0,U.S.A.,55.0,Trinitario,Trinidad,96250.0
1211,Ohiyo,Tanzania,2015,70.0,U.S.A.,60.0,Blend,Tanzania,105000.0
1212,Oialla by Bojessen (Malmo),"Sylvestre, Oialla",2011,70.0,Germany,70.0,Criollo,Bolivia,122500.0
1213,Olive and Sinclair,Dominican Republic prototype,2010,72.0,U.S.A.,60.0,Blend,Dominican Republic,108000.0
1214,Olive and Sinclair,Ghana prototype,2010,72.0,U.S.A.,60.0,Forastero,Ghana,108000.0
1215,Olive and Sinclair,Dark 67,2009,67.0,U.S.A.,55.0,Blend,"Ghana, Domin. Rep",92125.0
1216,Olive and Sinclair,Dark 75,2009,75.0,U.S.A.,60.0,Blend,"Ghana, Domin. Rep",112500.0
1217,Olivia,Carribean-Raw,2011,76.0,Canada,40.0,Blend,Carribean,76000.0
1218,Olivia,Carribean,2011,76.0,Canada,55.0,Blend,Carribean,104500.0
1219,Olivia,Carribean,2011,85.0,Canada,55.0,Blend,Carribean,116875.0
1220,Olivia,Carribean-Raw,2011,85.0,Canada,60.0,Blend,Carribean,127500.0
1221,Omanhene,Ghana,2011,80.0,Ghana,55.0,Forastero,Ghana,110000.0
1222,Omnom,"Kakao Kamili, Kilombero Valley",2016,70.0,Iceland,75.0,Trinitario,Tanzania,131250.0
1223,Omnom,Papua New Guinea,2014,70.0,Iceland,60.0,Blend,Papua New Guinea,105000.0
1224,Omnom,Madagascar,2014,66.0,Iceland,70.0,Trinitario,Madagascar,115500.0
1225,organicfair,Maya Mountain,2013,74.0,Canada,55.0,Trinitario,Belize,101750.0
1226,organicfair,La Red,2013,72.0,Canada,55.0,Blend,Dominican Republic,99000.0
1227,organicfair,Nicaraqua,2013,72.0,Canada,55.0,Trinitario,Nicaragua,99000.0
1228,organicfair,Caribe,2013,72.0,Canada,60.0,Blend,Dominican Republic,108000.0
1229,organicfair,Mindo,2013,72.0,Canada,60.0,Trinitario,Ecuador,108000.0
1230,Original Beans (Felchlin),Papua Kerafat,2014,68.0,Switzerland,55.0,Blend,Papua New Guinea,93500.0
1231,Original Beans (Felchlin),"Grand Cru Blend No.1, 5 yr. Anniversary Ed",2014,80.0,Switzerland,65.0,Blend,Other,130000.0
1232,Original Beans (Felchlin),"Alto Beni, Wild Harvest, Itenez R. 24hr c.",2011,66.0,Switzerland,75.0,Blend,Bolivia,123750.0
1233,Original Beans (Felchlin),"D.R. Congo, Cru Virunga",2009,70.0,Switzerland,60.0,Forastero,Congo,105000.0
1234,Original Beans (Felchlin),"Piura, Apotequil, ""Porcelana"" 72hr c.",2009,75.0,Switzerland,60.0,Criollo,Peru,112500.0
1235,Original Beans (Felchlin),"Alto Beni, Wild Harvest, Itenez R., 60hr c.",2009,68.0,Switzerland,65.0,Blend,Bolivia,110500.0
1236,Original Hawaiin Chocolate Factory,"Hawai'i, Kona Grand Cru E.",2009,60.0,U.S.A.,60.0,Criollo,Hawaii,90000.0
1237,Original Hawaiin Chocolate Factory,"Hawai'i, Kona Estate Grown",2006,60.0,U.S.A.,60.0,Blend,Hawaii,90000.0
1238,Orquidea,Peru,2012,65.0,Peru,60.0,Blend,Peru,97500.0
1239,Orquidea,Peru,2012,72.0,Peru,60.0,Blend,Peru,108000.0
1240,Pacari,"Sierra Nevada, Tutu Iku",2016,70.0,Ecuador,80.0,Blend,Colombia,140000.0
1241,Pacari,Garaua,2014,70.0,Ecuador,65.0,Blend,Ecuador,113750.0
1242,Pacari,Cumbia,2014,70.0,Ecuador,70.0,Blend,Ecuador,122500.0
1243,Pacari,Montubia,2014,70.0,Ecuador,75.0,Blend,Ecuador,131250.0
1244,Pacari,Tangara,2014,70.0,Ecuador,80.0,Blend,Ecuador,140000.0
1245,Pacari,"Ecuador, raw",2012,85.0,Ecuador,55.0,Blend,Ecuador,116875.0
1246,Pacari,Piura,2012,70.0,Ecuador,80.0,Blend,Peru,140000.0
1247,Pacari,Nube- prototype,2011,70.0,Ecuador,70.0,Blend,Ecuador,122500.0
1248,Pacari,Esmeraldas,2008,60.0,Ecuador,50.0,Forastero (Arriba),Ecuador,75000.0
1249,Pacari,Manabi,2008,65.0,Ecuador,55.0,Forastero (Arriba),Ecuador,89375.0
1250,Pacari,Los Rios,2008,72.0,Ecuador,60.0,Forastero (Arriba),Ecuador,108000.0
1251,Pacari,Raw,2008,100.0,Ecuador,40.0,Forastero (Arriba),Ecuador,100000.0
1252,Pacari,Raw,2008,70.0,Ecuador,70.0,Forastero (Arriba),Ecuador,122500.0
1253,Palette de Bine,Lachua,2016,70.0,Canada,55.0,Blend,Guatemala,96250.0
1254,Palette de Bine,Maya Mtn,2016,72.0,Canada,60.0,Trinitario,Belize,108000.0
1255,Palette de Bine,"Silvestre, La Paz, Beni",2015,70.0,Canada,65.0,Blend,Bolivia,113750.0
1256,Palette de Bine,"San Juan Estate, Gran Couva",2015,70.0,Canada,65.0,Trinitario,Trinidad,113750.0
1257,Palette de Bine,Kokoa Kamili,2015,72.0,Canada,70.0,Blend,Tanzania,126000.0
1258,Palette de Bine,Lam Dong,2015,72.0,Canada,75.0,Trinitario,Vietnam,135000.0
1259,Palette de Bine,"Alto Beni, Palos Blancos",2014,72.0,Canada,55.0,Blend,Bolivia,99000.0
1260,Palette de Bine,Sambirano,2014,78.0,Canada,75.0,Trinitario,Madagascar,146250.0
1261,Palette de Bine,"Camino Verde P., Balao, Guayas",2014,75.0,Canada,55.0,Blend,Ecuador,103125.0
1262,Palette de Bine,Duo- Gran Couva & Camino Verde,2014,75.0,Canada,70.0,Blend,"Trinidad, Ecuador",131250.0
1263,Palette de Bine,Gran Couva,2014,70.0,Canada,75.0,Trinitario,Trinidad,131250.0
1264,Pangea,Matasawalevu,2016,76.0,Spain,60.0,Blend,Fiji,114000.0
1265,Park 75,South America,2014,65.0,U.S.A.,70.0,Blend,South America,113750.0
1266,Parliament,Kilombero Valley,2016,70.0,U.S.A.,65.0,Blend,Tanzania,113750.0
1267,Parliament,"Lachua, Q'egchi families",2015,70.0,U.S.A.,70.0,Blend,Guatemala,122500.0
1268,Parliament,Alto Beni,2014,70.0,U.S.A.,60.0,Blend,Bolivia,105000.0
1269,Parliament,Oko Caribe,2014,70.0,U.S.A.,70.0,Blend,Dominican Republic,122500.0
1270,Pascha,Peru,2013,55.0,Peru,50.0,Blend,Peru,68750.0
1271,Pascha,Peru,2013,70.0,Peru,55.0,Blend,Peru,96250.0
1272,Patric,Signature Blend,2011,70.0,U.S.A.,75.0,Blend,Other,131250.0
1273,Patric,Madagascar,2009,75.0,U.S.A.,80.0,Trinitario,Madagascar,150000.0
1274,Patric,Madagascar,2009,67.0,U.S.A.,70.0,Trinitario,Madagascar,117250.0
1275,Patric,"Rio Caribe, Paria Penninsula",2009,70.0,U.S.A.,70.0,Trinitario,Venezuela,122500.0
1276,Patric,Madagascar,2007,70.0,U.S.A.,80.0,Trinitario,Madagascar,140000.0
1277,Patric,"Piura, Choc. Garage Exclusive",2013,67.0,U.S.A.,80.0,Blend,Peru,134000.0
1278,Paul Young,"Madagascar, w/ shell",2014,73.0,U.K.,45.0,Trinitario,Madagascar,82125.0
1279,Paul Young,"Madagascar, w/ shell",2014,64.0,U.K.,55.0,Trinitario,Madagascar,88000.0
1280,Peppalo,Dominican Republic,2015,82.0,U.S.A.,60.0,Blend,Dominican Republic,123000.0
1281,Pierre Marcolini,"Haut Penja, w/ nibs",2015,70.0,Belgium,65.0,Forastero,Cameroon,113750.0
1282,Pierre Marcolini,Chuao,2010,75.0,Belgium,60.0,Criollo,Venezuela,112500.0
1283,Pierre Marcolini,Trinite,2010,75.0,Belgium,65.0,Trinitario,Trinidad,121875.0
1284,Pierre Marcolini,"Baracoa, Cuba",2010,78.0,Belgium,75.0,"Criollo, Forastero",Cuba,146250.0
1285,Pierre Marcolini,"Peru, Las Pampas P.",2010,85.0,Belgium,60.0,Criollo,Peru,127500.0
1286,Pierre Marcolini,"Bahia Brazil, Fazenda Sao Pedro",2009,72.0,Belgium,60.0,Forastero,Brazil,108000.0
1287,Pierre Marcolini,"Porcelana, Tabasco, Finca La Joya",2009,72.0,Belgium,60.0,Criollo,Mexico,108000.0
1288,Pierre Marcolini,Cabosse,2007,70.0,Belgium,80.0,Blend,"Venezuela, Java",140000.0
1289,Pierre Marcolini,"Los Rios, Puerto Romero, Equateur",2007,72.0,Belgium,75.0,Forastero (Nacional),Ecuador,135000.0
1290,Pierre Marcolini,"Sambirano, Ambanja, Madagascar",2007,72.0,Belgium,80.0,Trinitario,Madagascar,144000.0
1291,Pierre Marcolini,Fleur de Cacao,2007,85.0,Belgium,70.0,Blend,Venezuela/ Ghana,148750.0
1292,Pierre Marcolini,"Porcelana, Tabasco, Limited Ed.",2006,72.0,Belgium,80.0,Criollo,Mexico,144000.0
1293,Pierre Marcolini,"Kendem Lembu, Java",2006,72.0,Belgium,60.0,Criollo,Indonesia,108000.0
1294,Pierre Marcolini,"Ocumare, Puerto Cabello, Venezuela",2006,72.0,Belgium,80.0,Criollo,Venezuela,144000.0
1295,Pinellas,Wampusirpi Region,2016,80.0,U.S.A.,50.0,Blend,Honduras,100000.0
1296,Pitch Dark,Tenor,2015,62.0,U.S.A.,50.0,Blend,Nicaragua,77500.0
1297,Pitch Dark,Johe,2015,80.0,U.S.A.,55.0,Blend,Nicaragua,110000.0
1298,Pitch Dark,Chuno,2015,80.0,U.S.A.,55.0,"Criollo, Trinitario",Nicaragua,110000.0
1299,Pitch Dark,Nicalizo,2015,80.0,U.S.A.,55.0,Trinitario,Nicaragua,110000.0
1300,Pitch Dark,Rugoso,2015,80.0,U.S.A.,65.0,Blend,Nicaragua,130000.0
1301,Pitch Dark,Akesson Estate,2014,73.0,U.S.A.,65.0,Trinitario,Madagascar,118625.0
1302,Pitch Dark,Namau Village,2014,73.0,U.S.A.,50.0,Trinitario,Fiji,91250.0
1303,Pitch Dark,"Camino Verde P., Balao, Guayas, ""Fruity""",2014,73.0,U.S.A.,65.0,Blend,Ecuador,118625.0
1304,Pitch Dark,"Camino Verde P., Balao, Guayas, ""Floral""",2014,73.0,U.S.A.,70.0,Blend,Ecuador,127750.0
1305,Pomm (aka Dead Dog),"La Red, 2011",2012,76.0,U.S.A.,50.0,Blend,Dominican Republic,95000.0
1306,Pomm (aka Dead Dog),Peru,2012,82.0,U.S.A.,55.0,Criollo,Peru,112750.0
1307,Potomac,"Oko Caribe, Duarte Province, 2016 H.",2016,70.0,U.S.A.,75.0,Blend,Domincan Republic,131250.0
1308,Potomac,"Cuyagua, 2013",2014,70.0,U.S.A.,75.0,Blend,Venezuela,131250.0
1309,Potomac,Upala w/ nibs,2011,70.0,U.S.A.,70.0,Matina,Costa Rica,122500.0
1310,Potomac,"Upala, Batch 18",2011,70.0,U.S.A.,60.0,Matina,Costa Rica,105000.0
1311,Potomac,"San Martin, Amazonian Highlands",2011,70.0,U.S.A.,55.0,Blend,Peru,96250.0
1312,Potomac,Bahia,2011,70.0,U.S.A.,70.0,Blend,Brazil,122500.0
1313,Potomac,"Upala, Batch 12",2010,82.0,U.S.A.,75.0,Matina,Costa Rica,153750.0
1314,Pralus,Peru,2015,75.0,France,65.0,Blend,Peru,121875.0
1315,Pralus,"Porcelana, S. of Lake Maracaibo",2011,75.0,France,65.0,Criollo (Porcelana),Venezuela,121875.0
1316,Pralus,Chuao,2010,75.0,France,70.0,Trinitario,Venezuela,131250.0
1317,Pralus,Cuyagua,2009,75.0,France,40.0,Blend,Venezuela,75000.0
1318,Pralus,Papouasie,2008,75.0,France,60.0,Trinitario,Papua New Guinea,112500.0
1319,Pralus,"Sambirano Valley, Le 100%",2008,100.0,France,60.0,Criollo,Madagascar,150000.0
1320,Pralus,Dominican Republic-Organic,2008,75.0,France,40.0,Blend,Dominican Republic,75000.0
1321,Pralus,"Monte Alegre, Diego Badero",2008,75.0,France,70.0,Blend,Brazil,131250.0
1322,Pralus,Claudio Corallo w/ nibs,2007,75.0,France,80.0,Forastero,Sao Tome,150000.0
1323,Pralus,"Monte Alegre (Itacare), Brazil",2006,75.0,France,60.0,Forastero,Brazil,112500.0
1324,Pralus,Tanzania,2006,75.0,France,70.0,Criollo,Tanzania,131250.0
1325,Pralus,Sao Tome & Principe,2006,75.0,France,70.0,Forastero,Sao Tome & Principe,131250.0
1326,Pralus,Trinidad,2006,75.0,France,70.0,Trinitario,Trinidad,131250.0
1327,Pralus,"Madagascar, Nosy Be Isle.",2006,75.0,France,75.0,Criollo,Madagascar,140625.0
1328,Pralus,"Java, Indonesie",2006,75.0,France,70.0,Criollo,Indonesia,131250.0
1329,Pralus,"Barlovento, Venezuela",2006,75.0,France,70.0,Trinitario,Venezuela,131250.0
1330,Pralus,Jamaique,2006,75.0,France,80.0,Trinitario,Jamaica,150000.0
1331,Pralus,Equateur,2006,75.0,France,60.0,Trinitario,Ecuador,112500.0
1332,Pralus,Vanuatu,2006,75.0,France,60.0,Trinitario,Vanuatu,112500.0
1333,Pralus,Ghana,2006,75.0,France,65.0,Forastero,Ghana,121875.0
1334,Pralus,Colombie,2006,75.0,France,70.0,Trinitario,Colombia,131250.0
1335,Pralus,Fortissima,2006,80.0,France,80.0,"Criollo, Trinitario",Ecuador,160000.0
1336,Pralus,Cuba,2006,75.0,France,60.0,Trinitario,Cuba,112500.0
1337,Pralus,"Caracas, Venezuela and Ghana",2006,75.0,France,60.0,"Trinitario, Forastero","Venezuela, Ghana",112500.0
1338,Pralus,"Djakarta, Java and Ghana",2006,75.0,France,70.0,"Criollo, Forastero","Indonesia, Ghana",131250.0
1339,Pump Street Bakery,"Chocoan Rainforest, Teroro Escondido, ESM",2016,77.0,U.K.,70.0,Blend,Ecuador,134750.0
1340,Pump Street Bakery,"Crayfish Bay Estate, 2014",2015,70.0,U.K.,70.0,Trinitario,Grenada,122500.0
1341,Pump Street Bakery,"Akesson's, batch 4411",2015,74.0,U.K.,70.0,Criollo,Madagascar,129500.0
1342,Pump Street Bakery,Honduras,2015,80.0,U.K.,55.0,Blend,Honduras,110000.0
1343,Pump Street Bakery,"Patanemo Vil., Carabobo State, Tisano family",2014,75.0,U.K.,55.0,Trinitario,Venezuela,103125.0
1344,Pump Street Bakery,Guantupi River,2014,75.0,U.K.,60.0,Forastero (Nacional),Ecuador,112500.0
1345,Pump Street Bakery,"Akessons Estate, Sambirano, Ambanja",2014,72.0,U.K.,65.0,Trinitario,Madagascar,117000.0
1346,Pump Street Bakery,Guantupi River,2014,85.0,U.K.,55.0,Forastero (Nacional),Ecuador,116875.0
1347,Pura Delizia,Venezuela,2012,73.0,Italy,55.0,Blend,Venezuela,100375.0
1348,Q Chocolate,Brazil,2013,75.0,Brazil,65.0,Blend,Brazil,121875.0
1349,Q Chocolate,Brazil,2013,85.0,Brazil,70.0,Blend,Brazil,148750.0
1350,Q Chocolate,Brazil,2013,55.0,Brazil,55.0,Blend,Brazil,75625.0
1351,Q Chocolate,Brazil,2013,80.0,Brazil,65.0,Blend,Brazil,130000.0
1352,Q Chocolate,Brazil,2012,60.0,Brazil,60.0,Blend,Brazil,90000.0
1353,Q Chocolate,Brazil,2012,65.0,Brazil,65.0,Blend,Brazil,105625.0
1354,Quetzalli (Wolter),"Mexico, Lot 28022016",2016,70.0,Mexico,55.0,Criollo,Mexico,96250.0
1355,Quetzalli (Wolter),"Uranga, Lot 22032016",2016,74.0,Mexico,60.0,Trinitario,Mexico,111000.0
1356,Raaka,Amazon Basin Blend,2016,70.0,U.S.A.,60.0,Blend,"Peru(SMartin,Pangoa,nacional)",105000.0
1357,Raaka,Virunga,2015,75.0,U.S.A.,55.0,Forastero,Congo,103125.0
1358,Raaka,Madagascar,2012,75.0,U.S.A.,65.0,Trinitario,Madagascar,121875.0
1359,Raaka,La Red,2011,85.0,U.S.A.,70.0,Blend,Dominican Republic,148750.0
1360,Rain Republic,Suchitepequez E.,2010,70.0,Guatemala,55.0,Blend,Guatemala,96250.0
1361,Rancho San Jacinto,Ecuador,2010,75.0,Eucador,60.0,"Forastero(Arriba, CCN)",Ecuador,112500.0
1362,Ranger,"San Martin, Batch 2",2015,70.0,U.S.A.,50.0,Blend,Peru,87500.0
1363,Ranger,"Chulucanas, Batch 1",2015,80.0,U.S.A.,65.0,Blend,Peru,130000.0
1364,Ranger,"Tumbes, Batch 2",2015,73.0,U.S.A.,70.0,Criollo,Peru,127750.0
1365,Raoul Boulanger,Piura,2016,75.0,France,65.0,Criollo,Peru,121875.0
1366,Raw Cocoa,Raw,2012,70.0,Poland,50.0,Criollo,Other,87500.0
1367,Republica del Cacao (aka Confecta),Esmeraldas,2010,75.0,Ecuador,65.0,Blend,Ecuador,121875.0
1368,Republica del Cacao (aka Confecta),"Los Rios, Vinces",2009,75.0,Ecuador,50.0,Forastero (Arriba),Ecuador,93750.0
1369,Republica del Cacao (aka Confecta),Manabi,2007,75.0,Ecuador,60.0,Forastero (Arriba),Ecuador,112500.0
1370,Republica del Cacao (aka Confecta),El Oro,2007,67.0,Ecuador,70.0,Forastero (Arriba),Ecuador,117250.0
1371,Republica del Cacao (aka Confecta),Los Rios,2007,75.0,Ecuador,75.0,Forastero (Arriba),Ecuador,140625.0
1372,Ritual,"Camino Verde P., Balao, 2015 harvest, batch8",2016,75.0,U.S.A.,75.0,Blend,Ecuador,140625.0
1373,Ritual,"Camino Verde P., Balao, Guayas, 2014",2015,85.0,U.S.A.,70.0,Blend,Ecuador,148750.0
1374,Ritual,"Mid Mountain, 2014",2015,70.0,U.S.A.,70.0,Blend,Other,122500.0
1375,Ritual,"Toledo District, Maya",2013,75.0,U.S.A.,75.0,Trinitario,Belize,140625.0
1376,Ritual,"Maranon, Cajamarca",2013,75.0,U.S.A.,60.0,Forastero (Nacional),Peru,112500.0
1377,Ritual,Sambirano,2012,75.0,U.S.A.,80.0,Trinitario,Madagascar,150000.0
1378,Ritual,"Camino Verde P., 2012, Balao, Guayas",2012,75.0,U.S.A.,65.0,Nacional (Arriba),Ecuador,121875.0
1379,Ritual,Gran Couva,2012,75.0,U.S.A.,70.0,Trinitario,Trinidad,131250.0
1380,Ritual,Costa Rica,2011,75.0,U.S.A.,70.0,Blend,Costa Rica,131250.0
1381,Roasting Masters,"La Dorado, light roast",2016,70.0,South Korea,65.0,Blend,Costa Rica,113750.0
1382,Roasting Masters,"Tapanti, light roast",2016,70.0,South Korea,65.0,Blend,Costa Rica,113750.0
1383,Roasting Masters,Maleku,2016,70.0,South Korea,65.0,Blend,Costa Rica,113750.0
1384,Robert (aka Chocolaterie Robert),Madagascar,2013,75.0,Madagascar,65.0,Trinitario,Madagascar,121875.0
1385,Robert (aka Chocolaterie Robert),Madagascar w/ nibs,2013,68.0,Madagascar,65.0,Trinitario,Madagascar,110500.0
1386,Rococo (Grenada Chocolate Co.),"Gru Grococo, St. Andrews",2012,66.0,U.K.,70.0,Trinitario,Grenada,115500.0
1387,Rogue,"La Masica, Batch 1, FHIA Research Center",2016,75.0,U.S.A.,75.0,Blend,Honduras,140625.0
1388,Rogue,"Caranero, Choc. Garage Exclusive",2015,70.0,U.S.A.,75.0,Blend,Venezuela,131250.0
1389,Rogue,"Tranquilidad, Batch 1",2015,75.0,U.S.A.,65.0,Blend,Bolivia,121875.0
1390,Rogue,Porcelana,2014,80.0,U.S.A.,75.0,Criollo,Venezuela,150000.0
1391,Rogue,"Akessons Estate, Sambirano, 2013",2013,70.0,U.S.A.,70.0,Trinitario,Madagascar,122500.0
1392,Rogue,"Hispaniola, 2013",2013,70.0,U.S.A.,70.0,Blend,Dominican Republic,122500.0
1393,Rogue,"Silvestre, Batch 7, 2013",2013,75.0,U.S.A.,80.0,Blend,Bolivia,150000.0
1394,Rogue,"Bachelor's Hall E., St. Thomas Parish",2013,75.0,U.S.A.,75.0,Trinitario,Jamaica,140625.0
1395,Rogue,"Camino Verde P., Balao, Guayas",2012,75.0,U.S.A.,75.0,Nacional (Arriba),Ecuador,140625.0
1396,Rogue,"Silvestre, Batch 1, 2011",2011,75.0,U.S.A.,60.0,Criollo,Bolivia,112500.0
1397,Rogue,Piura,2010,75.0,U.S.A.,75.0,Blend,Peru,140625.0
1398,Rogue,Rio Caribe,2009,70.0,U.S.A.,70.0,Trinitario,Venezuela,122500.0
1399,Rogue,"Hispaniola, 2008",2008,70.0,U.S.A.,55.0,Blend,Dominican Republic,96250.0
1400,Rogue,Jamaica,2008,70.0,U.S.A.,55.0,Trinitario,Jamaica,96250.0
1401,Rogue,"Sambirano, 2008",2008,70.0,U.S.A.,55.0,Trinitario,Madagascar,96250.0
1402,Rogue,Trinidad,2008,70.0,U.S.A.,60.0,Trinitario,Trinidad,105000.0
1403,Rozsavolgyi,Sur del Lago,2012,84.0,Hungary,50.0,Blend,Venezuela,105000.0
1404,Rozsavolgyi,"Rio Caribe Superior, Paria Penninsula",2012,76.0,Hungary,45.0,Trinitario,Venezuela,85500.0
1405,Rozsavolgyi,"Sambirano, Akesson Estate",2012,72.0,Hungary,50.0,Trinitario,Madagascar,90000.0
1406,Rozsavolgyi,Carenero Superior,2011,73.0,Hungary,70.0,Criollo,Venezuela,127750.0
1407,Rozsavolgyi,Porcelana,2011,71.0,Hungary,50.0,Blend,Venezuela,88750.0
1408,Rozsavolgyi,"Aragua, Trincheras",2011,70.0,Hungary,70.0,Blend,Venezuela,122500.0
1409,Rozsavolgyi,Principe,2011,77.0,Hungary,55.0,Forastero,Principe,105875.0
1410,S.A.I.D.,Malgascio,2010,64.0,Italy,70.0,Trinitario,Madagascar,112000.0
1411,S.A.I.D.,100 percent,2010,100.0,Italy,30.0,Blend,Other,75000.0
1412,S.A.I.D.,Samana,2010,70.0,Italy,60.0,Blend,Dominican Republic,105000.0
1413,S.A.I.D.,Arawak,2010,72.0,Italy,70.0,Blend,Carribean,126000.0
1414,S.A.I.D.,Latino,2010,72.0,Italy,70.0,Blend,Other,126000.0
1415,Sacred,Midnight,2012,83.0,U.S.A.,55.0,Blend,Central and S. America,114125.0
1416,Sacred,Twilight,2012,69.0,U.S.A.,65.0,Blend,Central and S. America,112125.0
1417,Salgado,Bahia Superior,2008,70.0,Argentina,70.0,Forastero,Brazil,122500.0
1418,Salgado,Esmeraldas,2008,70.0,Argentina,70.0,Forastero (Nacional),Ecuador,122500.0
1419,Salgado,Carenero Superior,2008,70.0,Argentina,70.0,Trinitario,Venezuela,122500.0
1420,Salgado,Rio Arriba,2008,70.0,Argentina,70.0,Forastero (Arriba) ASSS,Ecuador,122500.0
1421,Santander (Compania Nacional),Colombian 2008,2009,75.0,Colombia,55.0,Forastero (Nacional),Colombia,103125.0
1422,Santander (Compania Nacional),Colombian w/ nibs,2009,70.0,Colombia,60.0,Forastero (Nacional),Colombia,105000.0
1423,Santander (Compania Nacional),Colombian Semi Dark,2006,53.0,Colombia,40.0,Forastero (Nacional),Colombia,53000.0
1424,Santander (Compania Nacional),Colombian,2006,65.0,Colombia,60.0,Forastero (Nacional),Colombia,97500.0
1425,Santander (Compania Nacional),Colombian Dark,2006,70.0,Colombia,80.0,Forastero (Nacional),Colombia,140000.0
1426,Santome,Sao Tome,2011,70.0,France,55.0,Forastero,Sao Tome,96250.0
1427,Scharffen Berger,San Juan de Cheni,2012,78.0,U.S.A.,80.0,Blend,Peru,156000.0
1428,Scharffen Berger,Markham Valley,2011,68.0,U.S.A.,75.0,Blend,Papua New Guinea,127500.0
1429,Scharffen Berger,Camahogne,2010,68.0,U.S.A.,70.0,Trinitario,Grenada,119000.0
1430,Scharffen Berger,Amina,2010,65.0,U.S.A.,75.0,"Trinitario, Criollo",Madagascar,121875.0
1431,Scharffen Berger,Tome Acu,2009,68.0,U.S.A.,75.0,Blend,Brazil,127500.0
1432,Scharffen Berger,Asante,2009,65.0,U.S.A.,80.0,Forastero,Ghana,130000.0
1433,Scharffen Berger,Ben Tre,2009,72.0,U.S.A.,75.0,Trinitario,Vietnam,135000.0
1434,Scharffen Berger,Finisterra,2008,72.0,U.S.A.,60.0,Blend,"Ven., Trinidad, Mad.",108000.0
1435,Scharffen Berger,Las Islas,2007,72.0,U.S.A.,60.0,Blend,Carribean(DR/Jam/Tri),108000.0
1436,Scharffen Berger,Nibby,2007,62.0,U.S.A.,60.0,Blend,Other,93000.0
1437,Scharffen Berger,Cuyagua,2007,75.0,U.S.A.,75.0,Blend,Venezuela,140625.0
1438,Scharffen Berger,Antilles (Trin/Gren/DR/Ven),2007,75.0,U.S.A.,60.0,Blend,Carribean,112500.0
1439,Scharffen Berger,Extra Dark,2006,82.0,U.S.A.,40.0,Blend,Other,82000.0
1440,Scharffen Berger,Bittersweet,2006,70.0,U.S.A.,70.0,Blend,Other,122500.0
1441,Scharffen Berger,Kumasi Sambirano,2006,68.0,U.S.A.,40.0,Blend,Ghana & Madagascar,68000.0
1442,Scharffen Berger,Jamaica a l'ancienne,2006,70.0,U.S.A.,40.0,Trinitario,Jamaica,70000.0
1443,Scharffen Berger,Semisweet,2006,62.0,U.S.A.,60.0,Blend,Other,93000.0
1444,Seaforth,Dominican Republic,2015,70.0,U.K.,55.0,Blend,Domincan Republic,96250.0
1445,Seaforth,Grenada,2015,70.0,U.K.,55.0,Blend,Grenada,96250.0
1446,Shark Mountain,Jamaica,2015,72.0,U.S.A.,65.0,Trinitario,Jamaica,117000.0
1447,Shark Mountain,Papua New Guinea,2015,73.0,U.S.A.,70.0,Forastero,Papua New Guinea,127750.0
1448,Shark Mountain,Cuyagua,2015,77.0,U.S.A.,55.0,Criollo,Venezuela,105875.0
1449,Shark Mountain,ROIG,2015,74.0,U.S.A.,70.0,"Criollo, Trinitario",Dominican Republic,129500.0
1450,Shark Mountain,Ecuador,2014,75.0,U.S.A.,60.0,Trinitario,Ecuador,112500.0
1451,Shark Mountain,"Belize, 2013",2014,72.0,U.S.A.,65.0,"Criollo, Trinitario",Belize,117000.0
1452,Shark's,Hilo,2011,73.0,U.S.A.,40.0,Blend,Hawaii,73000.0
1453,Shark's,"Hilo, w/ added cocoa butter",2011,73.0,U.S.A.,50.0,Blend,Hawaii,91250.0
1454,Shattel,Tingo Maria,2016,70.0,Peru,65.0,Blend,Peru,113750.0
1455,Shattell,Porcelana,2011,75.0,Peru,70.0,Criollo,Peru,131250.0
1456,Sibu,Oro,2015,82.0,Costa Rica,65.0,Blend,Costa Rica,133250.0
1457,Sibu,Oscuro,2015,70.0,Costa Rica,70.0,Blend,Costa Rica,122500.0
1458,Sibu Sura,Peru,2012,70.0,U.S.A.,50.0,Blend,Peru,87500.0
1459,Silvio Bessone,Maya Belize,2011,67.0,Italy,60.0,Criollo,Belize,100500.0
1460,Silvio Bessone,"Trintade, Sao Tome",2011,65.0,Italy,65.0,Forastero,Sao Tome,105625.0
1461,Silvio Bessone,"Bahia, Scavina",2011,60.0,Italy,65.0,Trinitario,Brazil,97500.0
1462,Silvio Bessone,"Porcelana, Colombia, Amazonas",2011,68.0,Italy,60.0,"Criollo, Trinitario",Colombia,102000.0
1463,Sirene,Wild Bolivia,2016,73.0,Canada,70.0,Blend,Bolivia,127750.0
1464,Sirene,Kokoa Kamili Coop,2016,73.0,Canada,70.0,Blend,Tanzania,127750.0
1465,Sirene,"Esmeraldas, Salazar Farm",2016,73.0,Canada,75.0,Blend,Ecuador,136875.0
1466,Sirene,"Somia Plantation, 2012",2015,100.0,Canada,60.0,Trinitario,Madagascar,150000.0
1467,Sirene,"Camino Verde P., Balao, Guayas, 2012",2015,100.0,Canada,60.0,Blend,Ecuador,150000.0
1468,Sirene,Lachua w/ cane sugar,2015,73.0,Canada,60.0,Blend,Guatemala,109500.0
1469,Sirene,"Lachua w/ maple sugar, batch 5",2015,73.0,Canada,65.0,Blend,Guatemala,118625.0
1470,Sirene,Pisa,2015,73.0,Canada,65.0,Blend,Haiti,118625.0
1471,Sirene,"Somia Plantation, 2012",2014,67.0,Canada,75.0,Trinitario,Madagascar,125625.0
1472,Sirene,"Somia Plantation, 2012",2014,73.0,Canada,75.0,Trinitario,Madagascar,136875.0
1473,Sirene,"Camino Verde P., Balao, Guayas",2014,73.0,Canada,75.0,Blend,Ecuador,136875.0
1474,Sjolinds,Ghana,2015,70.0,U.S.A.,55.0,Forastero,Ghana,96250.0
1475,Sjolinds,Nicaragua,2015,72.0,U.S.A.,60.0,Blend,Nicaragua,108000.0
1476,"Smooth Chocolator, The","Oko Caribe, DOR005",2017,70.0,Australia,70.0,Blend,Dominican Republic,122500.0
1477,"Smooth Chocolator, The","Guasare, La Sierra de Perija, batch gua001",2016,70.0,Australia,75.0,Criollo,Venezuela,131250.0
1478,"Smooth Chocolator, The","Porcelana, Sorotaima,Machiques,batch pcl001",2016,70.0,Australia,80.0,Criollo,Ecuador,140000.0
1479,"Smooth Chocolator, The","Maya Mtn, Moho R., Toledo D.",2016,70.0,Australia,75.0,Blend,Belize,131250.0
1480,"Smooth Chocolator, The",Tien Giang,2016,70.0,Australia,60.0,Trinitario,Vietnam,105000.0
1481,"Smooth Chocolator, The",Australia,2016,67.0,Australia,75.0,Blend,Australia,125625.0
1482,"Smooth Chocolator, The","Chimelb, Lanquin, Alta Verapaz, b-GUA001",2016,70.0,Australia,65.0,Blend,Guatemala,113750.0
1483,"Smooth Chocolator, The",Akesson's Estate,2015,65.0,Australia,65.0,Trinitario,Madagascar,105625.0
1484,"Smooth Chocolator, The",Akesson's Estate,2015,70.0,Australia,70.0,Trinitario,Madagascar,122500.0
1485,"Smooth Chocolator, The",Kokoa Kamili,2015,67.0,Australia,75.0,Blend,Tanzania,125625.0
1486,"Smooth Chocolator, The",San Juan Estate,2015,70.0,Australia,75.0,Trinitario,Trinidad,131250.0
1487,"Smooth Chocolator, The",Camino Verde,2015,72.0,Australia,80.0,Blend,Ecuador,144000.0
1488,"Smooth Chocolator, The",Bolivia,2015,72.0,Australia,55.0,Blend,Bolivia,99000.0
1489,"Smooth Chocolator, The","Papua New Guinea, triple roast, batch 1",2015,65.0,Australia,70.0,Blend,Papua New Guinea,113750.0
1490,"Smooth Chocolator, The","Maranon, batch 2",2015,67.0,Australia,60.0,Forastero (Nacional),Peru,100500.0
1491,"Smooth Chocolator, The","Chuao, batch 3",2015,70.0,Australia,75.0,Trinitario,Venezuela,131250.0
1492,Snake & Butterfly,Ghana,2011,67.0,U.S.A.,30.0,Forastero,Ghana,50250.0
1493,Snake & Butterfly,Madagascar,2010,68.0,U.S.A.,60.0,Trinitario,Madagascar,102000.0
1494,Snake & Butterfly,Ecuador,2010,68.0,U.S.A.,65.0,Blend,Ecuador,110500.0
1495,Sol Cacao,"Ecuador, Batch 1",2016,70.0,U.S.A.,70.0,Blend,Ecuador,122500.0
1496,Sol Cacao,Madagascar,2015,72.0,U.S.A.,60.0,Trinitario,Madagascar,108000.0
1497,Solkiki,"Maranon, Fortunato No. 4",2016,68.0,U.K.,55.0,Forastero (Nacional),Peru,93500.0
1498,Solkiki,"Castillo, Hispaniola, unroasted",2016,85.0,U.K.,55.0,Blend,Domincan Republic,116875.0
1499,Solomons Gold,Solomon Island,2016,70.0,New Zealand,65.0,Blend,Solomon Islands,113750.0
1500,Solomons Gold,Solomon Island w/ nibs,2016,75.0,New Zealand,65.0,Blend,Solomon Islands,121875.0
1501,Solstice,Bundibugyo,2014,70.0,U.S.A.,60.0,"Forastero, Trinitario",Uganda,105000.0
1502,Solstice,Sambirano,2013,70.0,U.S.A.,60.0,Trinitario,Madagascar,105000.0
1503,Solstice,Amazonas,2013,70.0,U.S.A.,60.0,Blend,Venezuela,105000.0
1504,Solstice,Bolivia,2013,70.0,U.S.A.,65.0,Blend,Bolivia,113750.0
1505,Solstice,San Martin,2013,70.0,U.S.A.,65.0,Blend,Peru,113750.0
1506,Solstice,Wasatch,2013,70.0,U.S.A.,70.0,Blend,Other,122500.0
1507,Soma,"Oko Caribe, Duarte P., Collab w Chocosol",2016,62.0,Canada,70.0,Blend,Domincan Republic,108500.0
1508,Soma,"Sambirano Valley, Black Science, B-60307.0",2016,70.0,Canada,70.0,Trinitario,Madagascar,122500.0
1509,Soma,"Bahia Black, batch bra50722.1",2016,70.0,Canada,70.0,Forastero (Parazinho),Brazil,122500.0
1510,Soma,"Abstract S. w/ Jamaica nibs,batch abs60323.0",2016,75.0,Canada,75.0,Blend,"Ven.,Ecu.,Peru,Nic.",140625.0
1511,Soma,"Chuno, San Jose de Bocay, Pantasma R.,B.S.",2016,70.0,Canada,75.0,Trinitario,Nicaragua,131250.0
1512,Soma,"Tien Giang, Black S., batch VIT60420.0",2016,70.0,Canada,80.0,Trinitario,Vietnam,140000.0
1513,Soma,"Camino Verde, Black S., batch cvu6030.0",2016,70.0,Canada,65.0,Blend,Ecuador,113750.0
1514,Soma,CSB Chama,2015,70.0,Canada,70.0,Criollo,Venezuela,122500.0
1515,Soma,Porcelana,2015,75.0,Canada,80.0,Blend,Venezuela,150000.0
1516,Soma,"La Tronca, Matagalpa",2014,70.0,Canada,70.0,Blend,Nicaragua,122500.0
1517,Soma,Maranon Canyon,2014,70.0,Canada,75.0,Forastero (Nacional),Peru,131250.0
1518,Soma,La Dalia,2014,70.0,Canada,65.0,Trinitario,Nicaragua,113750.0
1519,Soma,"Camino Verde P., Balao, Guayas",2014,80.0,Canada,70.0,Forastero (Nacional),Ecuador,140000.0
1520,Soma,"Espiritu Santo, 'Smoke Monster'",2014,70.0,Canada,75.0,Forastero (Amelonado),Vanuatu,131250.0
1521,Soma,Little Big Man,2014,70.0,Canada,65.0,Blend,Madagascar & Ecuador,113750.0
1522,Soma,"Rizek Cacao, Domin. Rep.",2013,77.0,Canada,75.0,Trinitario,Dominican Republic,144375.0
1523,Soma,Java,2013,70.0,Canada,65.0,Criollo,Indonesia,113750.0
1524,Soma,"Apurimac, El Quinacho Co-op",2013,70.0,Canada,55.0,Criollo,Peru,96250.0
1525,Soma,"Sangre Grande P., Trinidad",2013,70.0,Canada,75.0,Trinitario,Trinidad,131250.0
1526,Soma,Chef's Blend,2013,70.0,Canada,65.0,Blend,Other,113750.0
1527,Soma,Patanemo,2013,70.0,Canada,75.0,Criollo,Venezuela,131250.0
1528,Soma,Crazy 88,2013,88.0,Canada,80.0,Blend,"Guat., D.R., Peru, Mad., PNG",176000.0
1529,Soma,"Maracaibo, El Vigia",2013,70.0,Canada,80.0,Criollo,Venezuela,140000.0
1530,Soma,Equator,2013,67.0,Canada,80.0,Blend,"Peru, Dom. Rep",134000.0
1531,Soma,Orinoco,2013,70.0,Canada,65.0,Forastero,Venezuela,113750.0
1532,Soma,"Bachelor's Hall E., St. Thomas Parish",2013,70.0,Canada,80.0,Trinitario,Jamaica,140000.0
1533,Soma,Noula Coop,2012,70.0,Canada,65.0,Blend,Haiti,113750.0
1534,Soma,O'ahu,2012,70.0,Canada,75.0,Blend,Hawaii,131250.0
1535,Soma,"Dual Origins, Sambirano, Elvesia",2012,70.0,Canada,80.0,Blend,"Dom. Rep., Madagascar",140000.0
1536,Soma,"Dancing in Your Head, 5 bean blend",2012,70.0,Canada,80.0,Blend,"Gre., PNG, Haw., Haiti, Mad",140000.0
1537,Soma,Cahabon Region,2012,70.0,Canada,70.0,Trinitario,Guatemala,122500.0
1538,Soma,Carenero Superior,2012,70.0,Canada,75.0,Trinitario,Venezuela,131250.0
1539,Soma,Eastern Promises,2012,70.0,Canada,70.0,Blend,"Mad., Java, PNG",122500.0
1540,Soma,Papua New Guinea,2012,85.0,Canada,70.0,Trinitario,Papua New Guinea,148750.0
1541,Soma,"Grenada, Black Science",2011,70.0,Canada,55.0,Trinitario,Grenada,96250.0
1542,Soma,"Alto Beni, Wild Bolivian",2011,70.0,Canada,70.0,Nacional,Bolivia,122500.0
1543,Soma,Peruvian,2011,64.0,Canada,80.0,Blend,Peru,128000.0
1544,Soma,"Three Amigos(Chuao, Wild Bolivia, D.R.)",2011,70.0,Canada,80.0,Blend,"Ven, Bolivia, D.R.",140000.0
1545,Soma,"Elvesia P., Black Science",2011,70.0,Canada,75.0,Forastero,Dominican Republic,131250.0
1546,Soma,Chuao,2011,70.0,Canada,70.0,Criollo,Venezuela,122500.0
1547,Soma,Black Science Blend 1,2010,70.0,Canada,75.0,"Trinitario, Nacional","DR, Ecuador, Peru",131250.0
1548,Soma,Hispaniola,2009,70.0,Canada,60.0,Forastero,Dominican Republic,105000.0
1549,Soma,Africa,2009,70.0,Canada,70.0,Forastero,Ghana,122500.0
1550,Soma,Conacado,2009,70.0,Canada,60.0,Trinitario,Dominican Republic,105000.0
1551,Soma,Papua New Guinea,2009,70.0,Canada,70.0,Trinitario,Papua New Guinea,122500.0
1552,Soma,Madagascar,2009,70.0,Canada,75.0,Criollo,Madagascar,131250.0
1553,Soma,Ocumare,2009,70.0,Canada,75.0,Criollo,Venezuela,131250.0
1554,Somerville,Nicaragua,2014,70.0,U.S.A.,65.0,Blend,Nicaragua,113750.0
1555,Somerville,"Hawaiian, Big Island",2014,70.0,U.S.A.,70.0,Blend,Hawaii,122500.0
1556,Soul,Dominican Republic,2017,70.0,Canada,65.0,Blend,Dominican Republic,113750.0
1557,Soul,Madagascar,2017,70.0,Canada,70.0,Blend,Madagascar,122500.0
1558,Soul,Venezuela,2017,75.0,Canada,70.0,Blend,Venezuela,131250.0
1559,Soul,Ecuador,2017,75.0,Canada,65.0,Blend,Ecuador,121875.0
1560,Soul,Papua New Guinea,2017,77.0,Canada,65.0,Blend,Papua New Guinea,125125.0
1561,Soul,Tanzania,2017,80.0,Canada,70.0,Blend,Tanzania,140000.0
1562,Spagnvola,AgroCriso Plantation,2012,70.0,U.S.A.,60.0,Blend,Dominican Republic,105000.0
1563,Spagnvola,AgroCriso Plantation,2012,80.0,U.S.A.,60.0,Blend,Dominican Republic,120000.0
1564,Spagnvola,AgroCriso Plantation,2012,75.0,U.S.A.,65.0,Blend,Dominican Republic,121875.0
1565,Spencer,Dominican Republic,2017,70.0,U.S.A.,75.0,Blend,Dominican Republic,131250.0
1566,Spencer,Ecuador,2017,70.0,U.S.A.,70.0,Blend,Ecuador,122500.0
1567,Spencer,Peru,2017,70.0,U.S.A.,55.0,Blend,Peru,96250.0
1568,Spencer,"Dominican Republic, lot D82R",2016,70.0,Australia,70.0,Blend,Domincan Republic,122500.0
1569,Spencer,"Ecuador, lot E432314L",2016,70.0,Australia,75.0,Blend,Ecuador,131250.0
1570,Spencer,"Madagascar, lot M0403R",2016,70.0,Australia,75.0,Blend,Madagascar,131250.0
1571,Spencer,Malekula Island,2014,72.0,Australia,55.0,Trinitario,Vanuatu,99000.0
1572,Sprungli (Felchlin),Alto Beni,2013,70.0,Switzerland,60.0,Criollo,Bolivia,105000.0
1573,SRSLY,Dominican Republic,2013,70.0,U.S.A.,60.0,Blend,Dominican Republic,105000.0
1574,SRSLY,Dominican Republic,2013,84.0,U.S.A.,45.0,Blend,Dominican Republic,94500.0
1575,Starchild,"Bolivar, Arriba",2015,70.0,U.S.A.,60.0,Forastero (Nacional),Ecuador,105000.0
1576,Starchild,Hispaniola,2015,70.0,U.S.A.,60.0,Blend,Domincan Republic,105000.0
1577,Starchild,Cacao Verapaz,2015,70.0,U.S.A.,60.0,Blend,Guatemala,105000.0
1578,Starchild,Rio Tuma,2015,70.0,U.S.A.,60.0,Trinitario (Amelonado),Nicaragua,105000.0
1579,Starchild,Sambirano Valley,2015,70.0,U.S.A.,60.0,Trinitario,Madagascar,105000.0
1580,Stella (aka Bernrain),"Bahia, Agri-Forestal Plantation, 2010",2012,68.0,Switzerland,55.0,Trinitario,Brazil,93500.0
1581,Stella (aka Bernrain),India,2011,72.0,Switzerland,65.0,Blend,India,117000.0
1582,Stone Grindz,"Ecuador, Midnight Dark",2014,84.0,U.S.A.,70.0,Blend,Ecuador,147000.0
1583,Stone Grindz,"Ecuador, Twilght Dark",2014,70.0,U.S.A.,70.0,Blend,Ecuador,122500.0
1584,StRita Supreme,"Samar, East Visayas region",2012,65.0,U.S.A.,50.0,Blend,Philippines,81250.0
1585,StRita Supreme,"Samar, East Visayas region",2012,70.0,U.S.A.,50.0,Blend,Philippines,87500.0
1586,StRita Supreme,"Samar, East Visayas region",2012,75.0,U.S.A.,55.0,Blend,Philippines,103125.0
1587,Sublime Origins,Sambirano,2013,67.0,U.S.A.,55.0,Trinitario,Madagascar,92125.0
1588,Sublime Origins,Moho Valley,2013,78.0,U.S.A.,65.0,Trinitario,Belize,126750.0
1589,Summerbird,Peru,2016,61.0,Denmark,50.0,"Criollo, Trinitario",Peru,76250.0
1590,Summerbird,Peru,2016,71.0,Denmark,60.0,"Criollo, Trinitario",Peru,106500.0
1591,Suruca Chocolate,Venezuela,2016,70.0,Venezuela,55.0,Blend,Venezuela,96250.0
1592,Suruca Chocolate,Venezuela,2016,60.0,Venezuela,60.0,Blend,Venezuela,90000.0
1593,Svenska Kakaobolaget,Sri Lanka,2015,70.0,Sweden,55.0,"Criollo, Trinitario",Sri Lanka,96250.0
1594,Szanto Tibor,Nacional,2015,70.0,Hungary,65.0,Blend,Ecuador,113750.0
1595,Szanto Tibor,Baracoa,2015,88.0,Hungary,65.0,Trinitario,Cuba,143000.0
1596,Szanto Tibor,Ambolikapiky,2015,70.0,Hungary,65.0,Trinitario,Madagascar,113750.0
1597,Szanto Tibor,"Winak, Sumaco",2015,70.0,Hungary,75.0,Forastero (Nacional),Ecuador,131250.0
1598,Szanto Tibor,"Ben Tre, Mekong Delta",2015,70.0,Hungary,65.0,Trinitario,Vietnam,113750.0
1599,Szanto Tibor,"Fazenda Sempre Firme, Bahia",2015,70.0,Hungary,70.0,Forastero (Parazinho),Brazil,122500.0
1600,Szanto Tibor,Porcelana,2014,70.0,Hungary,70.0,Criollo,Venezuela,122500.0
1601,Szanto Tibor,Baracoa,2014,70.0,Hungary,75.0,Trinitario,Cuba,131250.0
1602,Szanto Tibor,"Autumn, Primary Harvest, 2012",2013,70.0,Hungary,70.0,Criollo,Madagascar,122500.0
1603,Szanto Tibor,"Spring, Secondary Harvest, 2012",2013,70.0,Hungary,70.0,Criollo,Madagascar,122500.0
1604,Szanto Tibor,Cacao Blanco,2013,70.0,Hungary,65.0,Blend,Nicaragua,113750.0
1605,Szanto Tibor,Santo Domingo,2012,70.0,Hungary,65.0,Blend,Dominican Republic,113750.0
1606,Szanto Tibor,Millot Plantation,2012,70.0,Hungary,65.0,Blend,Madagascar,113750.0
1607,Szanto Tibor,"Ayacucho, ""El Guinacho""",2012,70.0,Hungary,75.0,Blend,Peru,131250.0
1608,Szanto Tibor,Crudo,2011,70.0,Hungary,60.0,Blend,Venezuela,105000.0
1609,Tabal,Costa Rica,2013,70.0,U.S.A.,55.0,Blend,Costa Rica,96250.0
1610,Tabal,Dominican Republic,2013,70.0,U.S.A.,55.0,Blend,Dominican Republic,96250.0
1611,Tabal,"Chiapas, Lacandon Jungle",2013,70.0,U.S.A.,50.0,Blend,Mexico,87500.0
1612,Tabal,Peru,2013,70.0,U.S.A.,60.0,Blend,Peru,105000.0
1613,Tablette (aka Vanillabeans),Colombia,2015,70.0,Japan,60.0,Blend,Colombia,105000.0
1614,Tablette (aka Vanillabeans),Papua,2015,62.0,Japan,65.0,Blend,Papua New Guinea,100750.0
1615,Tablette (aka Vanillabeans),Vietnam,2015,60.0,Japan,65.0,Trinitario,Vietnam,97500.0
1616,Tablette (aka Vanillabeans),Trinidad,2015,77.0,Japan,55.0,Trinitario,Trinidad,105875.0
1617,Tan Ban Skrati,"Paramaribo, batch 20160043-01",2016,70.0,Suriname,65.0,Trinitario,Suriname,113750.0
1618,Taza,Belize,2014,68.0,U.S.A.,60.0,Trinitario,Belize,102000.0
1619,Taza,Alto Beni,2011,87.0,U.S.A.,65.0,Blend,Bolivia,141375.0
1620,Taza,Chiapan,2009,75.0,U.S.A.,55.0,Blend,Mexico,103125.0
1621,Taza,"Dark, Stone Ground",2007,70.0,U.S.A.,60.0,Blend,Dominican Republic,105000.0
1622,TCHO,West Africa,2016,62.0,U.S.A.,40.0,Forastero,West Africa,62000.0
1623,TCHO,Peru- Ecuador,2012,99.0,U.S.A.,65.0,Blend,"Peru, Ecuador",160875.0
1624,TCHO,TCHOPro 60.5,2009,60.0,U.S.A.,55.0,Blend,Other,82500.0
1625,TCHO,TCHOPro 68,2009,68.0,U.S.A.,60.0,Blend,Other,102000.0
1626,TCHO,Chocolatey-beta,2008,70.0,U.S.A.,50.0,Forastero,Ghana,87500.0
1627,TCHO,Fruity-beta,2008,70.0,U.S.A.,50.0,Blend,Peru,87500.0
1628,TCHO,Citrus-beta,2008,70.0,U.S.A.,55.0,Blend,Madagascar,96250.0
1629,TCHO,Nutty-beta,2008,70.0,U.S.A.,50.0,Blend,Peru,87500.0
1630,Tejas,Concepcion,2012,70.0,U.S.A.,55.0,Blend,Madagascar,96250.0
1631,Tejas,Bayou Blend,2012,70.0,U.S.A.,60.0,Blend,"Ecuador, Mad., PNG",105000.0
1632,Tejas,Aranama,2012,70.0,U.S.A.,60.0,Blend,Papua New Guinea,105000.0
1633,Tejas,Presidio,2012,70.0,U.S.A.,70.0,Blend,Dominican Republic,122500.0
1634,Tejas,"La Bahia, w/ cane juice",2012,70.0,U.S.A.,65.0,Blend,Ecuador,113750.0
1635,Tejas,Capistrano,2012,70.0,U.S.A.,40.0,Blend,Peru,70000.0
1636,Tejas,"La Bahia, w/ cane sugar",2012,70.0,U.S.A.,65.0,Blend,Ecuador,113750.0
1637,Tejas,San Jose,2012,70.0,U.S.A.,55.0,Blend,Bolivia,96250.0
1638,Tejas,Capistrano*,2012,70.0,U.S.A.,60.0,Blend,Madagascar,105000.0
1639,Tejas,Espada,2012,70.0,U.S.A.,65.0,Blend,Mexico,113750.0
1640,Tejas,Espada,2012,70.0,U.S.A.,55.0,Blend,Brazil,96250.0
1641,Tejas,Concepcion*,2012,80.0,U.S.A.,60.0,Blend,Venezuela,120000.0
1642,Tejas,San Jose,2012,67.0,U.S.A.,65.0,Blend,Bolivia,108875.0
1643,Tejas,"Bahia, Floresta Azul,Good Friends Reserve#3",2012,70.0,U.S.A.,70.0,Forastero (Parazinho),Brazil,122500.0
1644,Terroir,Peru,2015,70.0,U.S.A.,55.0,Blend,Peru,96250.0
1645,Terroir,Belize,2015,70.0,U.S.A.,75.0,Trinitario,Belize,131250.0
1646,Terroir,Madagascar,2015,70.0,U.S.A.,75.0,Trinitario,Madagascar,131250.0
1647,Terroir,Ecuador,2015,70.0,U.S.A.,65.0,Blend,Ecuador,113750.0
1648,Terroir,Oko Caribe,2015,70.0,U.S.A.,70.0,Blend,Domincan Republic,122500.0
1649,Terroir,Guatemala,2015,70.0,U.S.A.,75.0,Trinitario,Guatemala,131250.0
1650,Terroir,Ecuador,2014,77.0,U.S.A.,65.0,Blend,Ecuador,125125.0
1651,Terroir,Madagascar,2014,67.0,U.S.A.,75.0,Trinitario,Madagascar,125625.0
1652,Terroir,Uganda,2014,73.0,U.S.A.,75.0,Forastero,Uganda,136875.0
1653,The Barn,Peru,2015,70.0,Sweden,60.0,Blend,Peru,105000.0
1654,Theo,Congo w/ nibs,2012,65.0,U.S.A.,65.0,Forastero,Congo,105625.0
1655,Theo,Madagascar,2007,65.0,U.S.A.,70.0,Trinitario,Madagascar,113750.0
1656,Theo,Ivory Coast,2007,75.0,U.S.A.,50.0,Blend,Ivory Coast,93750.0
1657,Theo,"Ghana, Kumasi",2007,84.0,U.S.A.,60.0,Forastero,Ghana,126000.0
1658,Theo,"Venezuela; Barinos, Merida, Tachron",2007,91.0,U.S.A.,40.0,Blend,Venezuela,91000.0
1659,Theo,"Ghana, Panama, Ecuador",2007,75.0,U.S.A.,60.0,Blend,"Ghana, Panama, Ecuador",112500.0
1660,Theobroma,"Piura Select, Cacao Blanc",2015,70.0,Japan,65.0,Blend,Peru,113750.0
1661,Timo A. Meyer,"Belize, med roast",2016,72.0,Germany,75.0,"Trinitario, TCGA",Belize,135000.0
1662,To'ak (Ecuatoriana),Manabi,2014,81.0,Ecuador,65.0,Forastero (Nacional),Ecuador,131625.0
1663,Tobago Estate (Pralus),"Roxborough, Tobago",2012,70.0,France,80.0,Trinitario,Tobago,140000.0
1664,Tocoti,"Wild Bolivian, Jungle Love",2012,77.0,U.S.A.,60.0,Criollo,Bolivia,115500.0
1665,Tocoti,Venezuela,2011,72.0,U.S.A.,55.0,Blend,Venezuela,99000.0
1666,Tocoti,Dominican Republic,2011,74.0,U.S.A.,60.0,Blend,Dominican Republic,111000.0
1667,Treehouse,Conacado,2014,72.0,U.S.A.,60.0,Blend,Dominican Republic,108000.0
1668,Tsara (Cinagra),"Ambanja, Tsara Valley",2011,72.0,Madagascar,70.0,Blend,Madagascar,126000.0
1669,twenty-four blackbirds,Oko Caribe,2015,75.0,U.S.A.,55.0,Blend,Domincan Republic,103125.0
1670,twenty-four blackbirds,"Cedeno, lot 271",2015,75.0,U.S.A.,70.0,Blend,Ecuador,131250.0
1671,twenty-four blackbirds,Madagascar,2014,75.0,U.S.A.,70.0,Trinitario,Madagascar,131250.0
1672,twenty-four blackbirds,Dominican Republic,2013,68.0,U.S.A.,65.0,Blend,Dominican Republic,110500.0
1673,twenty-four blackbirds,Palos Blancos,2013,75.0,U.S.A.,50.0,Blend,Bolivia,93750.0
1674,twenty-four blackbirds,Dominican Republic,2011,73.0,U.S.A.,55.0,Blend,Dominican Republic,100375.0
1675,Two Ravens,Peru,2016,60.0,U.S.A.,60.0,Criollo,Peru,90000.0
1676,Un Dimanche A Paris,Dominican Republic,2011,63.0,France,75.0,Blend,Dominican Republic,118125.0
1677,Undone,Matagalpa,2014,74.0,U.S.A.,55.0,Blend,Nicaragua,101750.0
1678,Undone,Nourish,2014,70.0,U.S.A.,60.0,Blend,Dominican Republic,105000.0
1679,Upchurch,"Madagascar, Sassy Bar",2016,72.0,U.S.A.,60.0,Trinitario,Madagascar,108000.0
1680,Upchurch,"Tanzania, Party Bar",2016,72.0,U.S.A.,65.0,Blend,Tanzania,117000.0
1681,Urzi,"Sur del Lago, Merida",2014,65.0,Italy,65.0,Trinitario,Venezuela,105625.0
1682,Valrhona,"Piura, Illanka, Quemazon",2015,63.0,France,80.0,Blend,Peru,126000.0
1683,Valrhona,"Andoa, Grand Cru blend",2013,70.0,France,70.0,Blend,Other,122500.0
1684,Valrhona,"Loma Sotavento, 2013",2013,64.0,France,70.0,Blend,Dominican Republic,112000.0
1685,Valrhona,"Otucan, Grand Cru",2012,69.0,France,80.0,Blend,Venezuela,138000.0
1686,Valrhona,Caraque,2011,56.0,France,65.0,Blend,Other,91000.0
1687,Valrhona,"Porcelana, Pedegral",2011,64.0,France,80.0,Criollo,Venezuela,128000.0
1688,Valrhona,Tainori,2009,64.0,France,75.0,Blend,Dominican Republic,120000.0
1689,Valrhona,Alpaco,2009,66.0,France,75.0,Blend,Ecuador,123750.0
1690,Valrhona,Nyangbo,2009,68.0,France,70.0,Forastero,Ghana,119000.0
1691,Valrhona,Araguani,2007,72.0,France,60.0,Blend,"Venezuela, Carribean",108000.0
1692,Valrhona,Chuao 2002 P.,2007,65.0,France,75.0,Trinitario,Venezuela,121875.0
1693,Valrhona,Manjari,2007,64.0,France,80.0,"Criollo, Trinitario",Madagascar,128000.0
1694,Valrhona,Le Noir Extra Amer,2007,85.0,France,30.0,Blend,Other,63750.0
1695,Valrhona,Abinao,2007,85.0,France,50.0,Forastero,West Africa,106250.0
1696,Valrhona,Le Noir Amer,2007,71.0,France,55.0,Forastero,West Africa,97625.0
1697,Valrhona,"Porcelana, Maracaibo, Palmira P. 2006",2007,64.0,France,65.0,Criollo (Porcelana),Venezuela,104000.0
1698,Valrhona,Caraibe,2006,66.0,France,60.0,Trinitario,Carribean,99000.0
1699,Valrhona,Guanaja,2006,70.0,France,80.0,"Criollo, Trinitario",South America,140000.0
1700,Valrhona,Gran Couva 2005 P.,2006,64.0,France,50.0,Trinitario,Trinidad,80000.0
1701,Valrhona,"Porcelana, Maracaibo, Palmira P. 2005",2006,64.0,France,60.0,Criollo (Porcelana),Venezuela,96000.0
1702,Valrhona,"Sambirano, Ampamakia 2005, Millot P.",2006,64.0,France,70.0,Trinitario,Madagascar,112000.0
1703,Vanleer (Barry Callebaut),Manhattan,2012,72.0,U.S.A.,50.0,Forastero,Ghana,90000.0
1704,Vanleer (Barry Callebaut),Napa,2012,65.0,U.S.A.,55.0,Forastero,Ghana,89375.0
1705,Vao Vao (Chocolaterie Robert),Madagascar,2009,72.0,Madagascar,55.0,Trinitario,Madagascar,99000.0
1706,Vao Vao (Chocolaterie Robert),Madagascar,2009,76.0,Madagascar,55.0,Trinitario,Madagascar,104500.0
1707,Vao Vao (Chocolaterie Robert),Madagascar,2009,80.0,Madagascar,55.0,Trinitario,Madagascar,110000.0
1708,Vao Vao (Chocolaterie Robert),Madagascar,2009,70.0,Madagascar,60.0,Trinitario,Madagascar,105000.0
1709,Vao Vao (Chocolaterie Robert),Madagascar w/ nibs,2009,68.0,Madagascar,60.0,Trinitario,Madagascar,102000.0
1710,Vao Vao (Chocolaterie Robert),Madagascar,2009,64.0,Madagascar,65.0,Trinitario,Madagascar,104000.0
1711,Vicuna,Palos Blancos,2015,70.0,U.S.A.,65.0,Blend,Bolivia,113750.0
1712,Vicuna,Palos Blancos + nibs,2015,70.0,U.S.A.,65.0,Blend,Bolivia,113750.0
1713,Videri,Dominican Republic,2014,90.0,U.S.A.,65.0,Blend,Dominican Republic,146250.0
1714,Videri,Trinidad,2014,75.0,U.S.A.,70.0,Trinitario,Trinidad,131250.0
1715,Videri,Mindo,2014,75.0,U.S.A.,70.0,Blend,Ecuador,131250.0
1716,Videri,Dark,2013,90.0,U.S.A.,75.0,Blend,Central and S. America,168750.0
1717,Videri,Classic,2012,70.0,U.S.A.,65.0,Blend,Central and S. America,113750.0
1718,Vietcacao (A. Morin),"Ben Tre, Mekong Delta, MoCay",2012,70.0,France,70.0,Trinitario,Vietnam,122500.0
1719,Vintage Plantations,San Martin,2014,75.0,U.S.A.,60.0,Blend,Peru,112500.0
1720,Vintage Plantations (Tulicorp),"Los Rios, Rancho Grande 2004/2007",2007,100.0,U.S.A.,40.0,Forastero (Arriba),Ecuador,100000.0
1721,Vintage Plantations (Tulicorp),"Los Rios, Rancho Grande 2004/2007",2007,90.0,U.S.A.,40.0,Forastero (Arriba),Ecuador,90000.0
1722,Vintage Plantations (Tulicorp),"Los Rios, Rancho Grande 2004/2007",2007,75.0,U.S.A.,60.0,Forastero (Arriba),Ecuador,112500.0
1723,Vintage Plantations (Tulicorp),"Los Rios, Rancho Grande 2007",2007,65.0,U.S.A.,60.0,Forastero (Arriba),Ecuador,97500.0
1724,Violet Sky,Sambirano Valley,2015,77.0,U.S.A.,55.0,Trinitario,Madagascar,105875.0
1725,Violet Sky,Moho River Valley,2015,77.0,U.S.A.,60.0,"Criollo, Trinitario",Belize,115500.0
1726,Violet Sky,Cuyagua,2015,77.0,U.S.A.,60.0,Criollo,Venezuela,115500.0
1727,Violet Sky,Peru,2015,77.0,U.S.A.,65.0,"Criollo, Trinitario",Peru,125125.0
1728,Violet Sky,Cahabon,2015,77.0,U.S.A.,55.0,Trinitario,Guatemala,105875.0
1729,Vivra,Peru,2016,70.0,U.S.A.,50.0,Blend,Peru,87500.0
1730,Vivra,Ocumare,2016,70.0,U.S.A.,50.0,Blend,Venezuela,87500.0
1731,Vivra,Dominican Republic,2016,70.0,U.S.A.,60.0,Blend,Domincan Republic,105000.0
1732,Wellington Chocolate Factory,Conacado,2016,70.0,New Zealand,70.0,Trinitario,Dominican Republic,122500.0
1733,Wellington Chocolate Factory,"Piura Blanco, Norandino",2016,70.0,New Zealand,70.0,Blend,Peru,122500.0
1734,Whittakers,Ghana,2011,72.0,New Zealand,50.0,Forastero,Ghana,90000.0
1735,Wilkie's Organic,Amazonas,2013,75.0,Ireland,50.0,Criollo,Peru,93750.0
1736,Wilkie's Organic,Amazonas,2013,89.0,Ireland,55.0,Criollo,Peru,122375.0
1737,Wilkie's Organic,Tumbes,2013,75.0,Ireland,65.0,Criollo,Peru,121875.0
1738,Wilkie's Organic,Amazonas w/ nibs,2013,75.0,Ireland,55.0,Criollo,Peru,103125.0
1739,Willie's Cacao,Los Llanos,2016,70.0,U.K.,80.0,Blend,Colombia,140000.0
1740,Willie's Cacao,Los Llanos,2014,88.0,U.K.,60.0,Trinitario,Colombia,132000.0
1741,Willie's Cacao,"Java, Indonesian Black",2013,100.0,U.K.,45.0,Blend,Indonesia,112500.0
1742,Willie's Cacao,Sambirano,2010,71.0,U.K.,60.0,Trinitario,Madagascar,106500.0
1743,Willie's Cacao,Hacienda Las Trincheras,2010,72.0,U.K.,70.0,Blend,Venezuela,126000.0
1744,Willie's Cacao,Java,2010,69.0,U.K.,75.0,Blend,Indonesia,129375.0
1745,Willie's Cacao,San Martin,2009,70.0,U.K.,60.0,Blend,Peru,105000.0
1746,Willie's Cacao,Rio Caribe,2009,72.0,U.K.,65.0,Trinitario,Venezuela,117000.0
1747,Wm,"Guasare, Zulia Prov., 2015, batch 124",2016,74.0,U.S.A.,60.0,Criollo,Venezuela,111000.0
1748,Wm,"Wild Beniano, 2016, batch 128, Heirloom",2016,76.0,U.S.A.,70.0,Blend,Bolivia,133000.0
1749,Wm,"Ghana, 2013, batch 129",2016,75.0,U.S.A.,75.0,Blend,Ghana,140625.0
1750,Woodblock,"Maranon, Cajamarca",2014,70.0,U.S.A.,60.0,Forastero (Nacional),Peru,105000.0
1751,Woodblock,"Camino Verde P., Balao, Guayas",2013,70.0,U.S.A.,65.0,Blend,Ecuador,113750.0
1752,Woodblock,Gran Couva,2013,70.0,U.S.A.,70.0,Trinitario,Trinidad,122500.0
1753,Woodblock,Ecuador,2012,70.0,U.S.A.,50.0,Blend,Ecuador,87500.0
1754,Woodblock,Costa Rica,2012,70.0,U.S.A.,60.0,Blend,Costa Rica,105000.0
1755,Woodblock,Sambirano,2012,70.0,U.S.A.,65.0,Trinitario,Madagascar,113750.0
1756,Woodblock,Ocumare,2011,70.0,U.S.A.,80.0,Blend,Venezuela,140000.0
1757,Woodblock,La Red,2011,70.0,U.S.A.,70.0,Blend,Dominican Republic,122500.0
1758,Xocolat,Hispaniola,2013,66.0,Domincan Republic,60.0,Blend,Dominican Republic,99000.0
1759,Xocolla,"Sambirano, batch 170102",2017,70.0,U.S.A.,55.0,Blend,Madagascar,96250.0
1760,Xocolla,"Hispaniola, batch 170104",2017,70.0,U.S.A.,50.0,Blend,Dominican Republic,87500.0
1761,Zak's,"Papua New Guinea, Batch 2",2015,70.0,U.S.A.,60.0,Blend,Papua New Guinea,105000.0
1762,Zak's,"Dominican Republic, Batch D2",2015,70.0,U.S.A.,65.0,Blend,Domincan Republic,113750.0
1763,Zak's,"Madagascar, Batch 2",2015,70.0,U.S.A.,65.0,Trinitario,Madagascar,113750.0
1764,Zak's,"Peru, Batch 1",2015,70.0,U.S.A.,65.0,Blend,Peru,113750.0
1765,Zak's,"Belize, Batch 2",2015,70.0,U.S.A.,70.0,Trinitario,Belize,122500.0
1766,Zak's,"House Blend, Batch 2",2015,60.0,U.S.A.,60.0,Blend,Other,90000.0
1767,Zart Pralinen,"Millot P., Ambanja",2016,70.0,Austria,70.0,"Criollo, Trinitario",Madagascar,122500.0
1768,Zart Pralinen,UNOCACE,2016,70.0,Austria,55.0,Nacional (Arriba),Ecuador,96250.0
1769,Zart Pralinen,San Juan Estate,2016,85.0,Austria,55.0,Trinitario,Trinidad,116875.0
1770,Zart Pralinen,"Kakao Kamili, Kilombero Valley",2016,85.0,Austria,60.0,"Criollo, Trinitario",Tanzania,127500.0
1771,Zart Pralinen,"Kakao Kamili, Kilombero Valley",2016,70.0,Austria,70.0,"Criollo, Trinitario",Tanzania,122500.0
1772,Zart Pralinen,"San Juan Estate, Gran Couva",2016,78.0,Austria,70.0,Trinitario,Trinidad,136500.0
1773,Zokoko,Guadalcanal,2016,78.0,Australia,75.0,Blend,Solomon Islands,146250.0
1774,Zokoko,Goddess Blend,2016,65.0,Australia,65.0,Blend,Other,105625.0
1775,Zokoko,Alto Beni,2011,68.0,Australia,70.0,Blend,Bolivia,119000.0
1776,Zokoko,Tokiala,2011,66.0,Australia,70.0,Trinitario,Papua New Guinea,115500.0
1777,Zokoko,"Tranquilidad, Baures",2011,72.0,Australia,75.0,Blend,Bolivia,135000.0
1778,Zotter,Raw,2014,80.0,Austria,55.0,Blend,Other,110000.0
1779,Zotter,"Bocas del Toro, Cocabo Co-op",2012,72.0,Austria,70.0,Blend,Panama,126000.0
1780,Zotter,Amazonas Frucht,2012,65.0,Austria,70.0,Blend,Other,113750.0
1781,Zotter,"Satipo Pangoa region, 16hr conche",2012,70.0,Austria,60.0,Criollo (Amarru),Peru,105000.0
1782,Zotter,"Satipo Pangoa region, 20hr conche",2012,70.0,Austria,70.0,Criollo (Amarru),Peru,122500.0
1783,Zotter,"Loma Los Pinos, Yacao region, D.R.",2012,62.0,Austria,75.0,Blend,Dominican Republic,116250.0
1784,Zotter,El Oro,2012,75.0,Austria,60.0,Forastero (Nacional),Ecuador,112500.0
1785,Zotter,Huiwani Coop,2012,75.0,Austria,60.0,"Criollo, Trinitario",Papua New Guinea,112500.0
1786,Zotter,El Ceibo Coop,2012,90.0,Austria,65.0,Blend,Bolivia,146250.0
1787,Zotter,Santo Domingo,2012,70.0,Austria,75.0,Blend,Dominican Republic,131250.0
1788,Zotter,"Kongo, Highlands",2012,68.0,Austria,65.0,Forastero,Congo,110500.0
1789,Zotter,"Indianer, Raw",2012,58.0,Austria,70.0,Blend,Other,101500.0
1790,Zotter,Peru,2011,70.0,Austria,75.0,Blend,Peru,131250.0
1791,Zotter,Congo,2011,65.0,Austria,60.0,Forastero,Congo,97500.0
1792,Zotter,Kerala State,2011,65.0,Austria,70.0,Forastero,India,113750.0
1793,Zotter,Kerala State,2011,62.0,Austria,65.0,Blend,India,100750.0
1794,Zotter,"Brazil, Mitzi Blue",2010,65.0,Austria,60.0,Blend,Brazil,97500.0
